asset_id,display_name,category,gameplay_role,used_in_scene,priority,visual_importance,source_strategy,status,visual_variant,shared_geometry,source_file,export_file,unity_prefab,scale_meters,pivot_rule,triangle_budget_lod0,triangle_budget_lod1,triangle_budget_lod2,material_budget,texture_resolution,rig_required,animation_required,collision_type,lod_required,license,attribution,source_reference,acceptance_status,notes
art.hero.player_v1,CHAR PLAYER Hero 01,Character,player avatar,vertical slice,P0,high,REPOSITORY_AUTHORED_PROCEDURAL,generated,first_pass,yes,Assets/Art/Production/Source/FE_FourfoldModelPack.blend,Assets/Art/Production/P0/Models/FE_CHAR_PLAYER_Hero_01.fbx,Assets/Prefabs/Production/P0/FE_CHAR_PLAYER_Hero_01.prefab,1.6,bottom center,9000,4500,1500,3,1024 atlas pending,yes,yes,capsule_actor,no,repository-authored,none,tools/Blender/generate_fourfold_model_pack.py; artifacts/Reports/fourfold-model-pack.json; artifacts/Reports/visual-benchmark.md,generated_first_pass,Hero reads from top-down; tool socket and facing are visible. Art axis: Folded Reliquary Miniatures; shape_family=folded_reliquary.complete_toolbearer_relic; anchors=front|tool_socket|ground_read; material atlas optimization pending. External benchmarks are aggregate metrics only.
art.tool.exploration_v1,PROP COMMON ExplorationTool 01,Prop,central exploration verb,vertical slice,P0,high,REPOSITORY_AUTHORED_PROCEDURAL,generated,first_pass,partial,Assets/Art/Production/Source/FE_FourfoldModelPack.blend,Assets/Art/Production/P0/Models/FE_PROP_COMMON_ExplorationTool_01.fbx,Assets/Prefabs/Production/P0/FE_PROP_COMMON_ExplorationTool_01.prefab,0.8,bottom center,2000,1000,333,2,shared 1024 atlas pending,no,no,box_set_dressing,no,repository-authored,none,tools/Blender/generate_fourfold_model_pack.py; artifacts/Reports/fourfold-model-pack.json; artifacts/Reports/visual-benchmark.md,generated_first_pass,Tool silhouette and glow read without text. Art axis: Folded Reliquary Miniatures; shape_family=folded_reliquary.exploration_tool; anchors=handle|signal_core|ground_read; material atlas optimization pending. External benchmarks are aggregate metrics only.
art.enemy.melee_01,ENEMY MELEE Shardling,Enemy,normal melee combat,vertical slice,P0,high,REPOSITORY_AUTHORED_PROCEDURAL,generated,first_pass,yes,Assets/Art/Production/Source/FE_FourfoldModelPack.blend,Assets/Art/Production/P0/Models/FE_ENEMY_MELEE_Shardling.fbx,Assets/Prefabs/Production/P0/FE_ENEMY_MELEE_Shardling.prefab,1.2,bottom center,6000,3000,1000,2,1024 atlas pending,yes,yes,capsule_actor,no,repository-authored,none,tools/Blender/generate_fourfold_model_pack.py; artifacts/Reports/fourfold-model-pack.json; artifacts/Reports/visual-benchmark.md,generated_first_pass,Enemy front and melee attack origin are obvious. Art axis: Folded Reliquary Miniatures; shape_family=folded_reliquary.broken_hostile_relic; anchors=front|attack_origin|danger_read; material atlas optimization pending. External benchmarks are aggregate metrics only.
art.enemy.ranged_01,ENEMY RANGED BloomSpitter,Enemy,ranged pressure,vertical slice,P0,high,REPOSITORY_AUTHORED_PROCEDURAL,generated,first_pass,yes,Assets/Art/Production/Source/FE_FourfoldModelPack.blend,Assets/Art/Production/P0/Models/FE_ENEMY_RANGED_BloomSpitter.fbx,Assets/Prefabs/Production/P0/FE_ENEMY_RANGED_BloomSpitter.prefab,1.2,bottom center,6000,3000,1000,2,1024 atlas pending,yes,yes,capsule_actor,no,repository-authored,none,tools/Blender/generate_fourfold_model_pack.py; artifacts/Reports/fourfold-model-pack.json; artifacts/Reports/visual-benchmark.md,generated_first_pass,Projectile origin and hostile facing are obvious. Art axis: Folded Reliquary Miniatures; shape_family=folded_reliquary.broken_hostile_relic; anchors=front|attack_origin|danger_read; material atlas optimization pending. External benchmarks are aggregate metrics only.
art.enemy.miniboss_01,ENEMY MINIBOSS RootBruiser,Enemy,combat escalation,vertical slice,P0,high,REPOSITORY_AUTHORED_PROCEDURAL,generated,first_pass,yes,Assets/Art/Production/Source/FE_FourfoldModelPack.blend,Assets/Art/Production/P0/Models/FE_ENEMY_MINIBOSS_RootBruiser.fbx,Assets/Prefabs/Production/P0/FE_ENEMY_MINIBOSS_RootBruiser.prefab,2.3,bottom center,18000,9000,3000,3,1024 atlas pending,yes,yes,capsule_actor,no,repository-authored,none,tools/Blender/generate_fourfold_model_pack.py; artifacts/Reports/fourfold-model-pack.json; artifacts/Reports/visual-benchmark.md,generated_first_pass,Larger tell surfaces read from top-down without boss-level clutter. Art axis: Folded Reliquary Miniatures; shape_family=folded_reliquary.broken_hostile_relic; anchors=front|attack_origin|danger_read; material atlas optimization pending. External benchmarks are aggregate metrics only.
art.boss.01,BOSS 01 RootWarden,Boss,first region boss,vertical slice,P0,high,REPOSITORY_AUTHORED_PROCEDURAL,generated,first_pass,yes,Assets/Art/Production/Source/FE_FourfoldModelPack.blend,Assets/Art/Production/P0/Models/FE_BOSS_01_RootWarden.fbx,Assets/Prefabs/Production/P0/FE_BOSS_01_RootWarden.prefab,3.8,bottom center,35000,17500,5833,4,1024-2048 atlas pending,yes,yes,boss_capsule,yes,repository-authored,none,tools/Blender/generate_fourfold_model_pack.py; artifacts/Reports/fourfold-model-pack.json; artifacts/Reports/visual-benchmark.md,generated_first_pass,Weak/read points and root-arm attack origins are visible. Art axis: Folded Reliquary Miniatures; shape_family=folded_reliquary.large_warden_relic; anchors=front|weak_socket|attack_origin|danger_surface; material atlas optimization pending. External benchmarks are aggregate metrics only.
art.boss.02,BOSS 02 FurnaceWarden,Boss,second region boss,MVP,P2,high,REPOSITORY_AUTHORED_PROCEDURAL,generated,first_pass,yes,Assets/Art/Production/Source/FE_FourfoldModelPack.blend,Assets/Art/Production/P2/Models/FE_BOSS_02_FurnaceWarden.fbx,Assets/Prefabs/Production/P2/FE_BOSS_02_FurnaceWarden.prefab,4.0,bottom center,35000,17500,5833,4,1024-2048 atlas pending,yes,yes,boss_capsule,yes,repository-authored,none,tools/Blender/generate_fourfold_model_pack.py; artifacts/Reports/fourfold-model-pack.json; artifacts/Reports/visual-benchmark.md,generated_first_pass,Amber core and heavy side attacks read at gameplay distance. Art axis: Folded Reliquary Miniatures; shape_family=folded_reliquary.large_warden_relic; anchors=front|weak_socket|attack_origin|danger_surface; material atlas optimization pending. External benchmarks are aggregate metrics only.
art.boss.03,BOSS 03 GlassWarden,Boss,third region boss,MVP,P2,high,REPOSITORY_AUTHORED_PROCEDURAL,generated,first_pass,yes,Assets/Art/Production/Source/FE_FourfoldModelPack.blend,Assets/Art/Production/P2/Models/FE_BOSS_03_GlassWarden.fbx,Assets/Prefabs/Production/P2/FE_BOSS_03_GlassWarden.prefab,4.0,bottom center,35000,17500,5833,4,1024-2048 atlas pending,yes,yes,boss_capsule,yes,repository-authored,none,tools/Blender/generate_fourfold_model_pack.py; artifacts/Reports/fourfold-model-pack.json; artifacts/Reports/visual-benchmark.md,generated_first_pass,"Crystal silhouette, danger shards, and front read are distinct. Art axis: Folded Reliquary Miniatures; shape_family=folded_reliquary.large_warden_relic; anchors=front|weak_socket|attack_origin|danger_surface; material atlas optimization pending. External benchmarks are aggregate metrics only."
art.boss.04,BOSS 04 CrownWarden,Boss,final boss,MVP,P2,high,REPOSITORY_AUTHORED_PROCEDURAL,generated,first_pass,yes,Assets/Art/Production/Source/FE_FourfoldModelPack.blend,Assets/Art/Production/P2/Models/FE_BOSS_04_CrownWarden.fbx,Assets/Prefabs/Production/P2/FE_BOSS_04_CrownWarden.prefab,4.4,bottom center,40000,20000,6666,4,1024-2048 atlas pending,yes,yes,boss_capsule,yes,repository-authored,none,tools/Blender/generate_fourfold_model_pack.py; artifacts/Reports/fourfold-model-pack.json; artifacts/Reports/visual-benchmark.md,generated_first_pass,Final crown-ring silhouette shows four clear threat anchors. Art axis: Folded Reliquary Miniatures; shape_family=folded_reliquary.large_warden_relic; anchors=front|weak_socket|attack_origin|danger_surface; material atlas optimization pending. External benchmarks are aggregate metrics only.
art.prop.gimmick_pedestal,PROP R01 GimmickPedestal 01,Prop,tool reaction target,vertical slice,P0,high,REPOSITORY_AUTHORED_PROCEDURAL,generated,first_pass,yes,Assets/Art/Production/Source/FE_FourfoldModelPack.blend,Assets/Art/Production/P0/Models/FE_PROP_R01_GimmickPedestal_01.fbx,Assets/Prefabs/Production/P0/FE_PROP_R01_GimmickPedestal_01.prefab,1.0,bottom center,2500,1250,416,2,shared 1024 atlas pending,no,yes,box_interactable,no,repository-authored,none,tools/Blender/generate_fourfold_model_pack.py; artifacts/Reports/fourfold-model-pack.json; artifacts/Reports/visual-benchmark.md,generated_first_pass,"Idle, active, and solved anchors are present in one model. Art axis: Folded Reliquary Miniatures; shape_family=folded_reliquary.tool_receiver; anchors=tool_receiver|active_state; material atlas optimization pending. External benchmarks are aggregate metrics only."
art.env.shortcut_bridge,ENV R01 ShortcutBridge 01,Environment,opened shortcut route,vertical slice,P0,high,REPOSITORY_AUTHORED_PROCEDURAL,generated,first_pass,yes,Assets/Art/Production/Source/FE_FourfoldModelPack.blend,Assets/Art/Production/P0/Models/FE_ENV_R01_ShortcutBridge_01.fbx,Assets/Prefabs/Production/P0/FE_ENV_R01_ShortcutBridge_01.prefab,module,bottom center,3000,1500,500,2,shared 1024 atlas pending,no,no,box_boundary,yes,repository-authored,none,tools/Blender/generate_fourfold_model_pack.py; artifacts/Reports/fourfold-model-pack.json; artifacts/Reports/visual-benchmark.md,generated_first_pass,Opened route slabs read as a tool consequence. Art axis: Folded Reliquary Miniatures; shape_family=folded_reliquary.folded_route_bridge; anchors=low_boundary|route_read; material atlas optimization pending. External benchmarks are aggregate metrics only.
art.prop.root_gate,PROP R01 RootGate 01,Prop,blocked shortcut state,vertical slice,P0,high,REPOSITORY_AUTHORED_PROCEDURAL,generated,first_pass,yes,Assets/Art/Production/Source/FE_FourfoldModelPack.blend,Assets/Art/Production/P0/Models/FE_PROP_R01_RootGate_01.fbx,Assets/Prefabs/Production/P0/FE_PROP_R01_RootGate_01.prefab,module,bottom center,3000,1500,500,2,shared 1024 atlas pending,no,no,box_boundary,yes,repository-authored,none,tools/Blender/generate_fourfold_model_pack.py; artifacts/Reports/fourfold-model-pack.json; artifacts/Reports/visual-benchmark.md,generated_first_pass,Muted blocker silhouette contrasts with opened shortcut. Art axis: Folded Reliquary Miniatures; shape_family=folded_reliquary.low_folded_boundary; anchors=low_boundary|route_read; material atlas optimization pending. External benchmarks are aggregate metrics only.
art.prop.chest_01,PROP COMMON RelicChest 01,Prop,reward delivery,vertical slice,P0,high,REPOSITORY_AUTHORED_PROCEDURAL,generated,first_pass,yes,Assets/Art/Production/Source/FE_FourfoldModelPack.blend,Assets/Art/Production/P0/Models/FE_PROP_COMMON_RelicChest_01.fbx,Assets/Prefabs/Production/P0/FE_PROP_COMMON_RelicChest_01.prefab,1.0,bottom center,2500,1250,416,2,shared 1024 atlas pending,no,yes,box_interactable,no,repository-authored,none,tools/Blender/generate_fourfold_model_pack.py; artifacts/Reports/fourfold-model-pack.json; artifacts/Reports/visual-benchmark.md,generated_first_pass,Closed/open lid and reward glow are readable. Art axis: Folded Reliquary Miniatures; shape_family=folded_reliquary.reward_relic; anchors=reward_glow|open_state|front_latch; material atlas optimization pending. External benchmarks are aggregate metrics only.
art.reward.relic_01,RELIC EmberSeed 01,Prop,relic reward,vertical slice,P0,high,REPOSITORY_AUTHORED_PROCEDURAL,generated,first_pass,yes,Assets/Art/Production/Source/FE_FourfoldModelPack.blend,Assets/Art/Production/P0/Models/FE_RELIC_EmberSeed_01.fbx,Assets/Prefabs/Production/P0/FE_RELIC_EmberSeed_01.prefab,0.4,bottom center,1000,500,166,1,shared 1024 atlas pending,no,no,trigger_pickup,no,repository-authored,none,tools/Blender/generate_fourfold_model_pack.py; artifacts/Reports/fourfold-model-pack.json; artifacts/Reports/visual-benchmark.md,generated_first_pass,Distinct warm seed silhouette. Art axis: Folded Reliquary Miniatures; shape_family=folded_reliquary.reward_relic; anchors=reward_glow|pickup_disc; material atlas optimization pending. External benchmarks are aggregate metrics only.
art.reward.relic_02,RELIC RootSigil 01,Prop,relic reward,vertical slice,P0,high,REPOSITORY_AUTHORED_PROCEDURAL,generated,first_pass,yes,Assets/Art/Production/Source/FE_FourfoldModelPack.blend,Assets/Art/Production/P0/Models/FE_RELIC_RootSigil_01.fbx,Assets/Prefabs/Production/P0/FE_RELIC_RootSigil_01.prefab,0.4,bottom center,1000,500,166,1,shared 1024 atlas pending,no,no,trigger_pickup,no,repository-authored,none,tools/Blender/generate_fourfold_model_pack.py; artifacts/Reports/fourfold-model-pack.json; artifacts/Reports/visual-benchmark.md,generated_first_pass,Distinct ring/sigil silhouette. Art axis: Folded Reliquary Miniatures; shape_family=folded_reliquary.reward_relic; anchors=reward_glow|pickup_disc; material atlas optimization pending. External benchmarks are aggregate metrics only.
art.env.hub_floor_stone,ENV HUB FloorStone 01,Environment,hub floor module,Hub_Crossroads,P1,medium,REPOSITORY_AUTHORED_PROCEDURAL,generated,first_pass,yes,Assets/Art/Production/Source/FE_FourfoldModelPack.blend,Assets/Art/Production/P1/Models/FE_ENV_HUB_FloorStone_01.fbx,Assets/Prefabs/Production/P1/FE_ENV_HUB_FloorStone_01.prefab,module,bottom center,3000,1500,500,2,shared 1024 atlas pending,no,no,box_floor_thin,yes,repository-authored,none,tools/Blender/generate_fourfold_model_pack.py; artifacts/Reports/fourfold-model-pack.json; artifacts/Reports/visual-benchmark.md,generated_first_pass,Warm safe hub floor tile. Art axis: Folded Reliquary Miniatures; shape_family=folded_reliquary.folded_floor; anchors=navigation_surface|fold_inlay; material atlas optimization pending. External benchmarks are aggregate metrics only.
art.env.hub_floor_mosaic,ENV HUB FloorMosaic 01,Environment,hub landmark floor,Hub_Crossroads,P1,medium,REPOSITORY_AUTHORED_PROCEDURAL,generated,first_pass,yes,Assets/Art/Production/Source/FE_FourfoldModelPack.blend,Assets/Art/Production/P1/Models/FE_ENV_HUB_FloorMosaic_01.fbx,Assets/Prefabs/Production/P1/FE_ENV_HUB_FloorMosaic_01.prefab,module,bottom center,3000,1500,500,2,shared 1024 atlas pending,no,no,box_floor_thin,yes,repository-authored,none,tools/Blender/generate_fourfold_model_pack.py; artifacts/Reports/fourfold-model-pack.json; artifacts/Reports/visual-benchmark.md,generated_first_pass,Circular hub orientation mark. Art axis: Folded Reliquary Miniatures; shape_family=folded_reliquary.folded_floor; anchors=navigation_surface|fold_inlay; material atlas optimization pending. External benchmarks are aggregate metrics only.
art.prop.hub_low_wall,PROP HUB LowWall 01,Prop,hub boundary,Hub_Crossroads,P1,medium,REPOSITORY_AUTHORED_PROCEDURAL,generated,first_pass,yes,Assets/Art/Production/Source/FE_FourfoldModelPack.blend,Assets/Art/Production/P1/Models/FE_PROP_HUB_LowWall_01.fbx,Assets/Prefabs/Production/P1/FE_PROP_HUB_LowWall_01.prefab,module,bottom center,3000,1500,500,2,shared 1024 atlas pending,no,no,box_boundary,yes,repository-authored,none,tools/Blender/generate_fourfold_model_pack.py; artifacts/Reports/fourfold-model-pack.json; artifacts/Reports/visual-benchmark.md,generated_first_pass,Low wall does not hide combat silhouettes. Art axis: Folded Reliquary Miniatures; shape_family=folded_reliquary.low_folded_boundary; anchors=low_boundary|route_read; material atlas optimization pending. External benchmarks are aggregate metrics only.
art.prop.hub_return_point,PROP HUB ReturnPoint 01,Prop,hub return point,Hub_Crossroads,P1,high,REPOSITORY_AUTHORED_PROCEDURAL,generated,first_pass,partial,Assets/Art/Production/Source/FE_FourfoldModelPack.blend,Assets/Art/Production/P1/Models/FE_PROP_HUB_ReturnPoint_01.fbx,Assets/Prefabs/Production/P1/FE_PROP_HUB_ReturnPoint_01.prefab,1.3,bottom center,3000,1500,500,2,shared 1024 atlas pending,no,yes,box_interactable,no,repository-authored,none,tools/Blender/generate_fourfold_model_pack.py; artifacts/Reports/fourfold-model-pack.json; artifacts/Reports/visual-benchmark.md,generated_first_pass,Warm blue return read without UI label. Art axis: Folded Reliquary Miniatures; shape_family=folded_reliquary.return_point; anchors=tool_receiver|active_state; material atlas optimization pending. External benchmarks are aggregate metrics only.
art.prop.hub_region_gate,PROP HUB RegionGate 01,Prop,region entrance,Hub_Crossroads,P1,high,REPOSITORY_AUTHORED_PROCEDURAL,generated,first_pass,partial,Assets/Art/Production/Source/FE_FourfoldModelPack.blend,Assets/Art/Production/P1/Models/FE_PROP_HUB_RegionGate_01.fbx,Assets/Prefabs/Production/P1/FE_PROP_HUB_RegionGate_01.prefab,2.4,bottom center,4000,2000,666,2,shared 1024 atlas pending,no,yes,box_interactable,no,repository-authored,none,tools/Blender/generate_fourfold_model_pack.py; artifacts/Reports/fourfold-model-pack.json; artifacts/Reports/visual-benchmark.md,generated_first_pass,"Gate reads as an entrance, not a shop or quest prop. Art axis: Folded Reliquary Miniatures; shape_family=folded_reliquary.region_gate; anchors=tool_receiver|active_state; material atlas optimization pending. External benchmarks are aggregate metrics only."
art.prop.hub_light_anchor,PROP HUB LightAnchor 01,Prop,hub lighting anchor,Hub_Crossroads,P1,medium,REPOSITORY_AUTHORED_PROCEDURAL,generated,first_pass,partial,Assets/Art/Production/Source/FE_FourfoldModelPack.blend,Assets/Art/Production/P1/Models/FE_PROP_HUB_LightAnchor_01.fbx,Assets/Prefabs/Production/P1/FE_PROP_HUB_LightAnchor_01.prefab,1.6,bottom center,2500,1250,416,2,shared 1024 atlas pending,no,no,box_set_dressing,no,repository-authored,none,tools/Blender/generate_fourfold_model_pack.py; artifacts/Reports/fourfold-model-pack.json; artifacts/Reports/visual-benchmark.md,generated_first_pass,Safe landmark glow. Art axis: Folded Reliquary Miniatures; shape_family=folded_reliquary.light_anchor; anchors=top_down_silhouette; material atlas optimization pending. External benchmarks are aggregate metrics only.
art.prop.hub_save_stone,PROP HUB SaveStone 01,Prop,save landmark,Hub_Crossroads,P1,high,REPOSITORY_AUTHORED_PROCEDURAL,generated,first_pass,partial,Assets/Art/Production/Source/FE_FourfoldModelPack.blend,Assets/Art/Production/P1/Models/FE_PROP_HUB_SaveStone_01.fbx,Assets/Prefabs/Production/P1/FE_PROP_HUB_SaveStone_01.prefab,1.2,bottom center,2500,1250,416,2,shared 1024 atlas pending,no,yes,box_interactable,no,repository-authored,none,tools/Blender/generate_fourfold_model_pack.py; artifacts/Reports/fourfold-model-pack.json; artifacts/Reports/visual-benchmark.md,generated_first_pass,Simple return/save landmark without menu implication. Art axis: Folded Reliquary Miniatures; shape_family=folded_reliquary.save_stone; anchors=tool_receiver|active_state; material atlas optimization pending. External benchmarks are aggregate metrics only.
art.prop.hub_sign_obelisk,PROP HUB SignObelisk 01,Prop,orientation marker,Hub_Crossroads,P1,medium,REPOSITORY_AUTHORED_PROCEDURAL,generated,first_pass,partial,Assets/Art/Production/Source/FE_FourfoldModelPack.blend,Assets/Art/Production/P1/Models/FE_PROP_HUB_SignObelisk_01.fbx,Assets/Prefabs/Production/P1/FE_PROP_HUB_SignObelisk_01.prefab,1.4,bottom center,2500,1250,416,2,shared 1024 atlas pending,no,no,box_set_dressing,no,repository-authored,none,tools/Blender/generate_fourfold_model_pack.py; artifacts/Reports/fourfold-model-pack.json; artifacts/Reports/visual-benchmark.md,generated_first_pass,Readable marker; no text dependency. Art axis: Folded Reliquary Miniatures; shape_family=folded_reliquary.obelisk; anchors=top_down_silhouette; material atlas optimization pending. External benchmarks are aggregate metrics only.
art.prop.hub_stair_short,PROP HUB StairShort 01,Prop,hub elevation cue,Hub_Crossroads,P1,medium,REPOSITORY_AUTHORED_PROCEDURAL,generated,first_pass,partial,Assets/Art/Production/Source/FE_FourfoldModelPack.blend,Assets/Art/Production/P1/Models/FE_PROP_HUB_StairShort_01.fbx,Assets/Prefabs/Production/P1/FE_PROP_HUB_StairShort_01.prefab,module,bottom center,2500,1250,416,2,shared 1024 atlas pending,no,no,box_set_dressing,no,repository-authored,none,tools/Blender/generate_fourfold_model_pack.py; artifacts/Reports/fourfold-model-pack.json; artifacts/Reports/visual-benchmark.md,generated_first_pass,Short readable stairs. Art axis: Folded Reliquary Miniatures; shape_family=folded_reliquary.short_stair; anchors=top_down_silhouette; material atlas optimization pending. External benchmarks are aggregate metrics only.
art.prop.hub_bench_stone,PROP HUB BenchStone 01,Prop,hub set dressing,Hub_Crossroads,P1,medium,REPOSITORY_AUTHORED_PROCEDURAL,generated,first_pass,partial,Assets/Art/Production/Source/FE_FourfoldModelPack.blend,Assets/Art/Production/P1/Models/FE_PROP_HUB_BenchStone_01.fbx,Assets/Prefabs/Production/P1/FE_PROP_HUB_BenchStone_01.prefab,module,bottom center,1800,900,300,2,shared 1024 atlas pending,no,no,box_set_dressing,no,repository-authored,none,tools/Blender/generate_fourfold_model_pack.py; artifacts/Reports/fourfold-model-pack.json; artifacts/Reports/visual-benchmark.md,generated_first_pass,"Readable low rest prop, not NPC/social system. Art axis: Folded Reliquary Miniatures; shape_family=folded_reliquary.bench; anchors=top_down_silhouette; material atlas optimization pending. External benchmarks are aggregate metrics only."
art.prop.hub_planter,PROP HUB Planter 01,Prop,hub accent,Hub_Crossroads,P1,medium,REPOSITORY_AUTHORED_PROCEDURAL,generated,first_pass,partial,Assets/Art/Production/Source/FE_FourfoldModelPack.blend,Assets/Art/Production/P1/Models/FE_PROP_HUB_Planter_01.fbx,Assets/Prefabs/Production/P1/FE_PROP_HUB_Planter_01.prefab,module,bottom center,2500,1250,416,2,shared 1024 atlas pending,no,no,box_set_dressing,no,repository-authored,none,tools/Blender/generate_fourfold_model_pack.py; artifacts/Reports/fourfold-model-pack.json; artifacts/Reports/visual-benchmark.md,generated_first_pass,Warm small accent that remains chunky. Art axis: Folded Reliquary Miniatures; shape_family=folded_reliquary.planter; anchors=top_down_silhouette; material atlas optimization pending. External benchmarks are aggregate metrics only.
art.prop.hub_wayline,PROP HUB Wayline 01,Prop,hub route cue,Hub_Crossroads,P1,medium,REPOSITORY_AUTHORED_PROCEDURAL,generated,first_pass,partial,Assets/Art/Production/Source/FE_FourfoldModelPack.blend,Assets/Art/Production/P1/Models/FE_PROP_HUB_Wayline_01.fbx,Assets/Prefabs/Production/P1/FE_PROP_HUB_Wayline_01.prefab,module,bottom center,1200,600,200,1,shared 1024 atlas pending,no,no,box_set_dressing,no,repository-authored,none,tools/Blender/generate_fourfold_model_pack.py; artifacts/Reports/fourfold-model-pack.json; artifacts/Reports/visual-benchmark.md,generated_first_pass,Ground cue for route composition. Art axis: Folded Reliquary Miniatures; shape_family=folded_reliquary.wayline; anchors=top_down_silhouette; material atlas optimization pending. External benchmarks are aggregate metrics only.
art.env.r01_floor_moss,ENV R01 FloorMossStone 01,Environment,region floor module,Region_01_GreenRuins,P1,medium,REPOSITORY_AUTHORED_PROCEDURAL,generated,first_pass,yes,Assets/Art/Production/Source/FE_FourfoldModelPack.blend,Assets/Art/Production/P1/Models/FE_ENV_R01_FloorMossStone_01.fbx,Assets/Prefabs/Production/P1/FE_ENV_R01_FloorMossStone_01.prefab,module,bottom center,3000,1500,500,2,shared 1024 atlas pending,no,no,box_floor_thin,yes,repository-authored,none,tools/Blender/generate_fourfold_model_pack.py; artifacts/Reports/fourfold-model-pack.json; artifacts/Reports/visual-benchmark.md,generated_first_pass,Moss and pale stone identity. Art axis: Folded Reliquary Miniatures; shape_family=folded_reliquary.folded_floor; anchors=navigation_surface|fold_inlay; material atlas optimization pending. External benchmarks are aggregate metrics only.
art.env.r01_floor_broken,ENV R01 FloorBroken 01,Environment,broken route floor,Region_01_GreenRuins,P1,medium,REPOSITORY_AUTHORED_PROCEDURAL,generated,first_pass,yes,Assets/Art/Production/Source/FE_FourfoldModelPack.blend,Assets/Art/Production/P1/Models/FE_ENV_R01_FloorBroken_01.fbx,Assets/Prefabs/Production/P1/FE_ENV_R01_FloorBroken_01.prefab,module,bottom center,3000,1500,500,2,shared 1024 atlas pending,no,no,box_floor_thin,yes,repository-authored,none,tools/Blender/generate_fourfold_model_pack.py; artifacts/Reports/fourfold-model-pack.json; artifacts/Reports/visual-benchmark.md,generated_first_pass,"Broken tile reads as route/edge, not clutter. Art axis: Folded Reliquary Miniatures; shape_family=folded_reliquary.folded_floor; anchors=navigation_surface|fold_inlay; material atlas optimization pending. External benchmarks are aggregate metrics only."
art.prop.r01_low_wall_root,PROP R01 LowWallRoot 01,Prop,region boundary,Region_01_GreenRuins,P1,medium,REPOSITORY_AUTHORED_PROCEDURAL,generated,first_pass,yes,Assets/Art/Production/Source/FE_FourfoldModelPack.blend,Assets/Art/Production/P1/Models/FE_PROP_R01_LowWallRoot_01.fbx,Assets/Prefabs/Production/P1/FE_PROP_R01_LowWallRoot_01.prefab,module,bottom center,3000,1500,500,2,shared 1024 atlas pending,no,no,box_boundary,yes,repository-authored,none,tools/Blender/generate_fourfold_model_pack.py; artifacts/Reports/fourfold-model-pack.json; artifacts/Reports/visual-benchmark.md,generated_first_pass,Root wall stays low for top-down clarity. Art axis: Folded Reliquary Miniatures; shape_family=folded_reliquary.low_folded_boundary; anchors=low_boundary|route_read; material atlas optimization pending. External benchmarks are aggregate metrics only.
art.prop.r01_route_edge,PROP R01 RouteEdge 01,Prop,route edge,Region_01_GreenRuins,P1,medium,REPOSITORY_AUTHORED_PROCEDURAL,generated,first_pass,partial,Assets/Art/Production/Source/FE_FourfoldModelPack.blend,Assets/Art/Production/P1/Models/FE_PROP_R01_RouteEdge_01.fbx,Assets/Prefabs/Production/P1/FE_PROP_R01_RouteEdge_01.prefab,module,bottom center,1600,800,266,1,shared 1024 atlas pending,no,no,box_boundary,yes,repository-authored,none,tools/Blender/generate_fourfold_model_pack.py; artifacts/Reports/fourfold-model-pack.json; artifacts/Reports/visual-benchmark.md,generated_first_pass,Chunky route edge marker. Art axis: Folded Reliquary Miniatures; shape_family=folded_reliquary.route_edge; anchors=low_boundary|route_read; material atlas optimization pending. External benchmarks are aggregate metrics only.
art.prop.r01_rubble,PROP R01 Rubble 01,Prop,readable rubble,Region_01_GreenRuins,P1,medium,REPOSITORY_AUTHORED_PROCEDURAL,generated,first_pass,partial,Assets/Art/Production/Source/FE_FourfoldModelPack.blend,Assets/Art/Production/P1/Models/FE_PROP_R01_Rubble_01.fbx,Assets/Prefabs/Production/P1/FE_PROP_R01_Rubble_01.prefab,module,bottom center,2000,1000,333,2,shared 1024 atlas pending,no,no,box_set_dressing,no,repository-authored,none,tools/Blender/generate_fourfold_model_pack.py; artifacts/Reports/fourfold-model-pack.json; artifacts/Reports/visual-benchmark.md,generated_first_pass,"Few large shapes, no noisy pebble field. Art axis: Folded Reliquary Miniatures; shape_family=folded_reliquary.rubble; anchors=top_down_silhouette; material atlas optimization pending. External benchmarks are aggregate metrics only."
art.prop.r01_flower_clump,PROP R01 FlowerClump 01,Prop,yellow flower accent,Region_01_GreenRuins,P1,medium,REPOSITORY_AUTHORED_PROCEDURAL,generated,first_pass,partial,Assets/Art/Production/Source/FE_FourfoldModelPack.blend,Assets/Art/Production/P1/Models/FE_PROP_R01_FlowerClump_01.fbx,Assets/Prefabs/Production/P1/FE_PROP_R01_FlowerClump_01.prefab,module,bottom center,2200,1100,366,2,shared 1024 atlas pending,no,no,box_set_dressing,no,repository-authored,none,tools/Blender/generate_fourfold_model_pack.py; artifacts/Reports/fourfold-model-pack.json; artifacts/Reports/visual-benchmark.md,generated_first_pass,Large stylized flowers visible in thumbnail. Art axis: Folded Reliquary Miniatures; shape_family=folded_reliquary.flower_clump; anchors=top_down_silhouette; material atlas optimization pending. External benchmarks are aggregate metrics only.
art.prop.r01_root_arch,PROP R01 RootArch 01,Prop,region landmark,Region_01_GreenRuins,P1,medium,REPOSITORY_AUTHORED_PROCEDURAL,generated,first_pass,partial,Assets/Art/Production/Source/FE_FourfoldModelPack.blend,Assets/Art/Production/P1/Models/FE_PROP_R01_RootArch_01.fbx,Assets/Prefabs/Production/P1/FE_PROP_R01_RootArch_01.prefab,2.4,bottom center,4000,2000,666,2,shared 1024 atlas pending,no,no,box_set_dressing,no,repository-authored,none,tools/Blender/generate_fourfold_model_pack.py; artifacts/Reports/fourfold-model-pack.json; artifacts/Reports/visual-benchmark.md,generated_first_pass,Root arch reads without blocking the camera. Art axis: Folded Reliquary Miniatures; shape_family=folded_reliquary.root_arch; anchors=top_down_silhouette; material atlas optimization pending. External benchmarks are aggregate metrics only.
art.prop.r01_tool_mirror,PROP R01 ToolMirror 01,Prop,gimmick room object,Region_01_GreenRuins,P1,high,REPOSITORY_AUTHORED_PROCEDURAL,generated,first_pass,yes,Assets/Art/Production/Source/FE_FourfoldModelPack.blend,Assets/Art/Production/P1/Models/FE_PROP_R01_ToolMirror_01.fbx,Assets/Prefabs/Production/P1/FE_PROP_R01_ToolMirror_01.prefab,1.2,bottom center,2500,1250,416,2,shared 1024 atlas pending,no,yes,box_interactable,no,repository-authored,none,tools/Blender/generate_fourfold_model_pack.py; artifacts/Reports/fourfold-model-pack.json; artifacts/Reports/visual-benchmark.md,generated_first_pass,"One-tool reaction receiver, not a second tool. Art axis: Folded Reliquary Miniatures; shape_family=folded_reliquary.tool_receiver; anchors=tool_receiver|active_state; material atlas optimization pending. External benchmarks are aggregate metrics only."
art.prop.r01_reveal_marker,PROP R01 RevealMarker 01,Prop,gimmick room object,Region_01_GreenRuins,P1,high,REPOSITORY_AUTHORED_PROCEDURAL,generated,first_pass,yes,Assets/Art/Production/Source/FE_FourfoldModelPack.blend,Assets/Art/Production/P1/Models/FE_PROP_R01_RevealMarker_01.fbx,Assets/Prefabs/Production/P1/FE_PROP_R01_RevealMarker_01.prefab,1.0,bottom center,1800,900,300,2,shared 1024 atlas pending,no,yes,box_interactable,no,repository-authored,none,tools/Blender/generate_fourfold_model_pack.py; artifacts/Reports/fourfold-model-pack.json; artifacts/Reports/visual-benchmark.md,generated_first_pass,Hidden/revealed state anchor. Art axis: Folded Reliquary Miniatures; shape_family=folded_reliquary.tool_receiver; anchors=tool_receiver|active_state; material atlas optimization pending. External benchmarks are aggregate metrics only.
art.prop.r01_sealed_blocker,PROP R01 SealedBlocker 01,Prop,gimmick room blocker,Region_01_GreenRuins,P1,medium,REPOSITORY_AUTHORED_PROCEDURAL,generated,first_pass,yes,Assets/Art/Production/Source/FE_FourfoldModelPack.blend,Assets/Art/Production/P1/Models/FE_PROP_R01_SealedBlocker_01.fbx,Assets/Prefabs/Production/P1/FE_PROP_R01_SealedBlocker_01.prefab,module,bottom center,2500,1250,416,2,shared 1024 atlas pending,no,no,box_boundary,yes,repository-authored,none,tools/Blender/generate_fourfold_model_pack.py; artifacts/Reports/fourfold-model-pack.json; artifacts/Reports/visual-benchmark.md,generated_first_pass,Clear obstacle without inventory lock language. Art axis: Folded Reliquary Miniatures; shape_family=folded_reliquary.low_folded_boundary; anchors=low_boundary|route_read; material atlas optimization pending. External benchmarks are aggregate metrics only.
art.prop.r01_vine_rail,PROP R01 VineRail 01,Prop,route rail,Region_01_GreenRuins,P1,medium,REPOSITORY_AUTHORED_PROCEDURAL,generated,first_pass,partial,Assets/Art/Production/Source/FE_FourfoldModelPack.blend,Assets/Art/Production/P1/Models/FE_PROP_R01_VineRail_01.fbx,Assets/Prefabs/Production/P1/FE_PROP_R01_VineRail_01.prefab,module,bottom center,1800,900,300,2,shared 1024 atlas pending,no,no,box_boundary,yes,repository-authored,none,tools/Blender/generate_fourfold_model_pack.py; artifacts/Reports/fourfold-model-pack.json; artifacts/Reports/visual-benchmark.md,generated_first_pass,Low readable rail. Art axis: Folded Reliquary Miniatures; shape_family=folded_reliquary.vine_rail; anchors=low_boundary|route_read; material atlas optimization pending. External benchmarks are aggregate metrics only.
art.prop.r01_moss_pillar,PROP R01 MossPillar 01,Prop,landmark pillar,Region_01_GreenRuins,P1,medium,REPOSITORY_AUTHORED_PROCEDURAL,generated,first_pass,partial,Assets/Art/Production/Source/FE_FourfoldModelPack.blend,Assets/Art/Production/P1/Models/FE_PROP_R01_MossPillar_01.fbx,Assets/Prefabs/Production/P1/FE_PROP_R01_MossPillar_01.prefab,1.7,bottom center,3000,1500,500,2,shared 1024 atlas pending,no,no,box_set_dressing,no,repository-authored,none,tools/Blender/generate_fourfold_model_pack.py; artifacts/Reports/fourfold-model-pack.json; artifacts/Reports/visual-benchmark.md,generated_first_pass,Chunky pillar does not hide actors. Art axis: Folded Reliquary Miniatures; shape_family=folded_reliquary.moss_pillar; anchors=top_down_silhouette; material atlas optimization pending. External benchmarks are aggregate metrics only.
art.prop.r01_step_stone,PROP R01 StepStone 01,Prop,route step,Region_01_GreenRuins,P1,medium,REPOSITORY_AUTHORED_PROCEDURAL,generated,first_pass,partial,Assets/Art/Production/Source/FE_FourfoldModelPack.blend,Assets/Art/Production/P1/Models/FE_PROP_R01_StepStone_01.fbx,Assets/Prefabs/Production/P1/FE_PROP_R01_StepStone_01.prefab,module,bottom center,1800,900,300,1,shared 1024 atlas pending,no,no,box_set_dressing,no,repository-authored,none,tools/Blender/generate_fourfold_model_pack.py; artifacts/Reports/fourfold-model-pack.json; artifacts/Reports/visual-benchmark.md,generated_first_pass,Clear step/route piece. Art axis: Folded Reliquary Miniatures; shape_family=folded_reliquary.step_stone; anchors=top_down_silhouette; material atlas optimization pending. External benchmarks are aggregate metrics only.
art.prop.r01_short_grass,PROP R01 ShortGrass 01,Prop,vegetation accent,Region_01_GreenRuins,P1,medium,REPOSITORY_AUTHORED_PROCEDURAL,generated,first_pass,partial,Assets/Art/Production/Source/FE_FourfoldModelPack.blend,Assets/Art/Production/P1/Models/FE_PROP_R01_ShortGrass_01.fbx,Assets/Prefabs/Production/P1/FE_PROP_R01_ShortGrass_01.prefab,module,bottom center,1600,800,266,1,shared 1024 atlas pending,no,no,box_set_dressing,no,repository-authored,none,tools/Blender/generate_fourfold_model_pack.py; artifacts/Reports/fourfold-model-pack.json; artifacts/Reports/visual-benchmark.md,generated_first_pass,Chunky low vegetation. Art axis: Folded Reliquary Miniatures; shape_family=folded_reliquary.short_grass; anchors=top_down_silhouette; material atlas optimization pending. External benchmarks are aggregate metrics only.
art.prop.r01_signal_tile,PROP R01 SignalTile 01,Prop,tool route cue,Region_01_GreenRuins,P1,medium,REPOSITORY_AUTHORED_PROCEDURAL,generated,first_pass,yes,Assets/Art/Production/Source/FE_FourfoldModelPack.blend,Assets/Art/Production/P1/Models/FE_PROP_R01_SignalTile_01.fbx,Assets/Prefabs/Production/P1/FE_PROP_R01_SignalTile_01.prefab,module,bottom center,1600,800,266,2,shared 1024 atlas pending,no,no,box_floor_thin,yes,repository-authored,none,tools/Blender/generate_fourfold_model_pack.py; artifacts/Reports/fourfold-model-pack.json; artifacts/Reports/visual-benchmark.md,generated_first_pass,Tool-color route tile. Art axis: Folded Reliquary Miniatures; shape_family=folded_reliquary.folded_floor; anchors=navigation_surface|fold_inlay; material atlas optimization pending. External benchmarks are aggregate metrics only.
art.env.r02_floor_charcoal,ENV R02 FloorCharcoalTile 01,Environment,region floor module,Region_02_SunkenWorks,P2,medium,REPOSITORY_AUTHORED_PROCEDURAL,generated,first_pass,yes,Assets/Art/Production/Source/FE_FourfoldModelPack.blend,Assets/Art/Production/P2/Models/FE_ENV_R02_FloorCharcoalTile_01.fbx,Assets/Prefabs/Production/P2/FE_ENV_R02_FloorCharcoalTile_01.prefab,module,bottom center,3000,1500,500,2,shared 1024 atlas pending,no,no,box_floor_thin,yes,repository-authored,none,tools/Blender/generate_fourfold_model_pack.py; artifacts/Reports/fourfold-model-pack.json; artifacts/Reports/visual-benchmark.md,generated_first_pass,Charcoal/rust region identity. Art axis: Folded Reliquary Miniatures; shape_family=folded_reliquary.folded_floor; anchors=navigation_surface|fold_inlay; material atlas optimization pending. External benchmarks are aggregate metrics only.
art.env.r02_floor_cracked,ENV R02 FloorCracked 01,Environment,broken route floor,Region_02_SunkenWorks,P2,medium,REPOSITORY_AUTHORED_PROCEDURAL,generated,first_pass,yes,Assets/Art/Production/Source/FE_FourfoldModelPack.blend,Assets/Art/Production/P2/Models/FE_ENV_R02_FloorCracked_01.fbx,Assets/Prefabs/Production/P2/FE_ENV_R02_FloorCracked_01.prefab,module,bottom center,3000,1500,500,2,shared 1024 atlas pending,no,no,box_floor_thin,yes,repository-authored,none,tools/Blender/generate_fourfold_model_pack.py; artifacts/Reports/fourfold-model-pack.json; artifacts/Reports/visual-benchmark.md,generated_first_pass,Harder region broken floor. Art axis: Folded Reliquary Miniatures; shape_family=folded_reliquary.folded_floor; anchors=navigation_surface|fold_inlay; material atlas optimization pending. External benchmarks are aggregate metrics only.
art.prop.r02_angled_cliff,PROP R02 AngledCliff 01,Prop,region boundary,Region_02_SunkenWorks,P2,medium,REPOSITORY_AUTHORED_PROCEDURAL,generated,first_pass,yes,Assets/Art/Production/Source/FE_FourfoldModelPack.blend,Assets/Art/Production/P2/Models/FE_PROP_R02_AngledCliff_01.fbx,Assets/Prefabs/Production/P2/FE_PROP_R02_AngledCliff_01.prefab,module,bottom center,3000,1500,500,2,shared 1024 atlas pending,no,no,box_boundary,yes,repository-authored,none,tools/Blender/generate_fourfold_model_pack.py; artifacts/Reports/fourfold-model-pack.json; artifacts/Reports/visual-benchmark.md,generated_first_pass,Angled cliff silhouette. Art axis: Folded Reliquary Miniatures; shape_family=folded_reliquary.low_folded_boundary; anchors=low_boundary|route_read; within material budget. External benchmarks are aggregate metrics only.
art.prop.r02_metal_frame,PROP R02 MetalFrame 01,Prop,region frame,Region_02_SunkenWorks,P2,medium,REPOSITORY_AUTHORED_PROCEDURAL,generated,first_pass,yes,Assets/Art/Production/Source/FE_FourfoldModelPack.blend,Assets/Art/Production/P2/Models/FE_PROP_R02_MetalFrame_01.fbx,Assets/Prefabs/Production/P2/FE_PROP_R02_MetalFrame_01.prefab,module,bottom center,3000,1500,500,2,shared 1024 atlas pending,no,no,box_boundary,yes,repository-authored,none,tools/Blender/generate_fourfold_model_pack.py; artifacts/Reports/fourfold-model-pack.json; artifacts/Reports/visual-benchmark.md,generated_first_pass,Metal frame does not create visual noise. Art axis: Folded Reliquary Miniatures; shape_family=folded_reliquary.low_folded_boundary; anchors=low_boundary|route_read; material atlas optimization pending. External benchmarks are aggregate metrics only.
art.prop.r02_rust_pipe,PROP R02 RustPipe 01,Prop,region accent,Region_02_SunkenWorks,P2,medium,REPOSITORY_AUTHORED_PROCEDURAL,generated,first_pass,partial,Assets/Art/Production/Source/FE_FourfoldModelPack.blend,Assets/Art/Production/P2/Models/FE_PROP_R02_RustPipe_01.fbx,Assets/Prefabs/Production/P2/FE_PROP_R02_RustPipe_01.prefab,module,bottom center,2200,1100,366,2,shared 1024 atlas pending,no,no,box_set_dressing,no,repository-authored,none,tools/Blender/generate_fourfold_model_pack.py; artifacts/Reports/fourfold-model-pack.json; artifacts/Reports/visual-benchmark.md,generated_first_pass,Chunky pipe cue. Art axis: Folded Reliquary Miniatures; shape_family=folded_reliquary.rust_pipe; anchors=top_down_silhouette; material atlas optimization pending. External benchmarks are aggregate metrics only.
art.prop.r02_amber_relay,PROP R02 AmberRelay 01,Prop,tool-reaction object,Region_02_SunkenWorks,P2,high,REPOSITORY_AUTHORED_PROCEDURAL,generated,first_pass,yes,Assets/Art/Production/Source/FE_FourfoldModelPack.blend,Assets/Art/Production/P2/Models/FE_PROP_R02_AmberRelay_01.fbx,Assets/Prefabs/Production/P2/FE_PROP_R02_AmberRelay_01.prefab,1.2,bottom center,2500,1250,416,2,shared 1024 atlas pending,no,yes,box_interactable,no,repository-authored,none,tools/Blender/generate_fourfold_model_pack.py; artifacts/Reports/fourfold-model-pack.json; artifacts/Reports/visual-benchmark.md,generated_first_pass,Amber response anchor. Art axis: Folded Reliquary Miniatures; shape_family=folded_reliquary.tool_receiver; anchors=tool_receiver|active_state; material atlas optimization pending. External benchmarks are aggregate metrics only.
art.prop.r02_low_wall_iron,PROP R02 LowWallIron 01,Prop,region boundary,Region_02_SunkenWorks,P2,medium,REPOSITORY_AUTHORED_PROCEDURAL,generated,first_pass,yes,Assets/Art/Production/Source/FE_FourfoldModelPack.blend,Assets/Art/Production/P2/Models/FE_PROP_R02_LowWallIron_01.fbx,Assets/Prefabs/Production/P2/FE_PROP_R02_LowWallIron_01.prefab,module,bottom center,3000,1500,500,2,shared 1024 atlas pending,no,no,box_boundary,yes,repository-authored,none,tools/Blender/generate_fourfold_model_pack.py; artifacts/Reports/fourfold-model-pack.json; artifacts/Reports/visual-benchmark.md,generated_first_pass,Iron wall stays low. Art axis: Folded Reliquary Miniatures; shape_family=folded_reliquary.low_folded_boundary; anchors=low_boundary|route_read; material atlas optimization pending. External benchmarks are aggregate metrics only.
art.prop.r02_broken_gear,PROP R02 BrokenGear 01,Prop,region accent,Region_02_SunkenWorks,P2,medium,REPOSITORY_AUTHORED_PROCEDURAL,generated,first_pass,partial,Assets/Art/Production/Source/FE_FourfoldModelPack.blend,Assets/Art/Production/P2/Models/FE_PROP_R02_BrokenGear_01.fbx,Assets/Prefabs/Production/P2/FE_PROP_R02_BrokenGear_01.prefab,module,bottom center,2400,1200,400,2,shared 1024 atlas pending,no,no,box_set_dressing,no,repository-authored,none,tools/Blender/generate_fourfold_model_pack.py; artifacts/Reports/fourfold-model-pack.json; artifacts/Reports/visual-benchmark.md,generated_first_pass,Large gear chunks only. Art axis: Folded Reliquary Miniatures; shape_family=folded_reliquary.broken_gear; anchors=top_down_silhouette; material atlas optimization pending. External benchmarks are aggregate metrics only.
art.prop.r02_heat_vent,PROP R02 HeatVent 01,Prop,danger cue,Region_02_SunkenWorks,P2,medium,REPOSITORY_AUTHORED_PROCEDURAL,generated,first_pass,partial,Assets/Art/Production/Source/FE_FourfoldModelPack.blend,Assets/Art/Production/P2/Models/FE_PROP_R02_HeatVent_01.fbx,Assets/Prefabs/Production/P2/FE_PROP_R02_HeatVent_01.prefab,module,bottom center,2200,1100,366,2,shared 1024 atlas pending,no,no,box_set_dressing,no,repository-authored,none,tools/Blender/generate_fourfold_model_pack.py; artifacts/Reports/fourfold-model-pack.json; artifacts/Reports/visual-benchmark.md,generated_first_pass,Readable vent/hazard base. Art axis: Folded Reliquary Miniatures; shape_family=folded_reliquary.heat_vent; anchors=top_down_silhouette; material atlas optimization pending. External benchmarks are aggregate metrics only.
art.prop.r02_route_edge,PROP R02 RouteEdge 01,Prop,route edge,Region_02_SunkenWorks,P2,medium,REPOSITORY_AUTHORED_PROCEDURAL,generated,first_pass,partial,Assets/Art/Production/Source/FE_FourfoldModelPack.blend,Assets/Art/Production/P2/Models/FE_PROP_R02_RouteEdge_01.fbx,Assets/Prefabs/Production/P2/FE_PROP_R02_RouteEdge_01.prefab,module,bottom center,1600,800,266,1,shared 1024 atlas pending,no,no,box_boundary,yes,repository-authored,none,tools/Blender/generate_fourfold_model_pack.py; artifacts/Reports/fourfold-model-pack.json; artifacts/Reports/visual-benchmark.md,generated_first_pass,Warm region route edge. Art axis: Folded Reliquary Miniatures; shape_family=folded_reliquary.route_edge; anchors=low_boundary|route_read; material atlas optimization pending. External benchmarks are aggregate metrics only.
art.prop.r02_sunken_step,PROP R02 SunkenStep 01,Prop,route step,Region_02_SunkenWorks,P2,medium,REPOSITORY_AUTHORED_PROCEDURAL,generated,first_pass,partial,Assets/Art/Production/Source/FE_FourfoldModelPack.blend,Assets/Art/Production/P2/Models/FE_PROP_R02_SunkenStep_01.fbx,Assets/Prefabs/Production/P2/FE_PROP_R02_SunkenStep_01.prefab,module,bottom center,2400,1200,400,2,shared 1024 atlas pending,no,no,box_set_dressing,no,repository-authored,none,tools/Blender/generate_fourfold_model_pack.py; artifacts/Reports/fourfold-model-pack.json; artifacts/Reports/visual-benchmark.md,generated_first_pass,Sunken step module. Art axis: Folded Reliquary Miniatures; shape_family=folded_reliquary.short_stair; anchors=top_down_silhouette; material atlas optimization pending. External benchmarks are aggregate metrics only.
art.prop.r02_tool_relay,PROP R02 ToolRelay 01,Prop,tool reaction object,Region_02_SunkenWorks,P2,high,REPOSITORY_AUTHORED_PROCEDURAL,generated,first_pass,yes,Assets/Art/Production/Source/FE_FourfoldModelPack.blend,Assets/Art/Production/P2/Models/FE_PROP_R02_ToolRelay_01.fbx,Assets/Prefabs/Production/P2/FE_PROP_R02_ToolRelay_01.prefab,1.2,bottom center,2600,1300,433,2,shared 1024 atlas pending,no,yes,box_interactable,no,repository-authored,none,tools/Blender/generate_fourfold_model_pack.py; artifacts/Reports/fourfold-model-pack.json; artifacts/Reports/visual-benchmark.md,generated_first_pass,"Same exploration tool language, region variant only. Art axis: Folded Reliquary Miniatures; shape_family=folded_reliquary.tool_receiver; anchors=tool_receiver|active_state; material atlas optimization pending. External benchmarks are aggregate metrics only."
art.env.r03_floor_dark,ENV R03 FloorDarkStone 01,Environment,region floor module,Region_03_AshenKeep,P2,medium,REPOSITORY_AUTHORED_PROCEDURAL,generated,first_pass,yes,Assets/Art/Production/Source/FE_FourfoldModelPack.blend,Assets/Art/Production/P2/Models/FE_ENV_R03_FloorDarkStone_01.fbx,Assets/Prefabs/Production/P2/FE_ENV_R03_FloorDarkStone_01.prefab,module,bottom center,3000,1500,500,2,shared 1024 atlas pending,no,no,box_floor_thin,yes,repository-authored,none,tools/Blender/generate_fourfold_model_pack.py; artifacts/Reports/fourfold-model-pack.json; artifacts/Reports/visual-benchmark.md,generated_first_pass,Dark stone and cold glow region identity. Art axis: Folded Reliquary Miniatures; shape_family=folded_reliquary.folded_floor; anchors=navigation_surface|fold_inlay; material atlas optimization pending. External benchmarks are aggregate metrics only.
art.env.r03_crystal_bridge,ENV R03 CrystalBridge 01,Environment,narrow bridge,Region_03_AshenKeep,P2,medium,REPOSITORY_AUTHORED_PROCEDURAL,generated,first_pass,yes,Assets/Art/Production/Source/FE_FourfoldModelPack.blend,Assets/Art/Production/P2/Models/FE_ENV_R03_CrystalBridge_01.fbx,Assets/Prefabs/Production/P2/FE_ENV_R03_CrystalBridge_01.prefab,module,bottom center,3000,1500,500,2,shared 1024 atlas pending,no,no,box_boundary,yes,repository-authored,none,tools/Blender/generate_fourfold_model_pack.py; artifacts/Reports/fourfold-model-pack.json; artifacts/Reports/visual-benchmark.md,generated_first_pass,Bridge silhouette stays navigable. Art axis: Folded Reliquary Miniatures; shape_family=folded_reliquary.folded_route_bridge; anchors=low_boundary|route_read; material atlas optimization pending. External benchmarks are aggregate metrics only.
art.prop.r03_crystal_cluster,PROP R03 CrystalCluster 01,Prop,region landmark,Region_03_AshenKeep,P2,medium,REPOSITORY_AUTHORED_PROCEDURAL,generated,first_pass,partial,Assets/Art/Production/Source/FE_FourfoldModelPack.blend,Assets/Art/Production/P2/Models/FE_PROP_R03_CrystalCluster_01.fbx,Assets/Prefabs/Production/P2/FE_PROP_R03_CrystalCluster_01.prefab,1.6,bottom center,3500,1750,583,2,shared 1024 atlas pending,no,no,box_set_dressing,no,repository-authored,none,tools/Blender/generate_fourfold_model_pack.py; artifacts/Reports/fourfold-model-pack.json; artifacts/Reports/visual-benchmark.md,generated_first_pass,"Large shards, not noisy glitter. Art axis: Folded Reliquary Miniatures; shape_family=folded_reliquary.crystal_cluster; anchors=top_down_silhouette; material atlas optimization pending. External benchmarks are aggregate metrics only."
art.prop.r03_low_wall_crystal,PROP R03 LowWallCrystal 01,Prop,region boundary,Region_03_AshenKeep,P2,medium,REPOSITORY_AUTHORED_PROCEDURAL,generated,first_pass,yes,Assets/Art/Production/Source/FE_FourfoldModelPack.blend,Assets/Art/Production/P2/Models/FE_PROP_R03_LowWallCrystal_01.fbx,Assets/Prefabs/Production/P2/FE_PROP_R03_LowWallCrystal_01.prefab,module,bottom center,3000,1500,500,2,shared 1024 atlas pending,no,no,box_boundary,yes,repository-authored,none,tools/Blender/generate_fourfold_model_pack.py; artifacts/Reports/fourfold-model-pack.json; artifacts/Reports/visual-benchmark.md,generated_first_pass,Low crystal wall. Art axis: Folded Reliquary Miniatures; shape_family=folded_reliquary.low_folded_boundary; anchors=low_boundary|route_read; material atlas optimization pending. External benchmarks are aggregate metrics only.
art.prop.r03_narrow_bridge,PROP R03 NarrowBridge 01,Prop,route bridge,Region_03_AshenKeep,P2,medium,REPOSITORY_AUTHORED_PROCEDURAL,generated,first_pass,yes,Assets/Art/Production/Source/FE_FourfoldModelPack.blend,Assets/Art/Production/P2/Models/FE_PROP_R03_NarrowBridge_01.fbx,Assets/Prefabs/Production/P2/FE_PROP_R03_NarrowBridge_01.prefab,module,bottom center,3000,1500,500,2,shared 1024 atlas pending,no,no,box_boundary,yes,repository-authored,none,tools/Blender/generate_fourfold_model_pack.py; artifacts/Reports/fourfold-model-pack.json; artifacts/Reports/visual-benchmark.md,generated_first_pass,Narrow but readable route. Art axis: Folded Reliquary Miniatures; shape_family=folded_reliquary.folded_route_bridge; anchors=low_boundary|route_read; material atlas optimization pending. External benchmarks are aggregate metrics only.
art.prop.r03_cold_white_lamp,PROP R03 ColdWhiteLamp 01,Prop,lighting anchor,Region_03_AshenKeep,P2,medium,REPOSITORY_AUTHORED_PROCEDURAL,generated,first_pass,partial,Assets/Art/Production/Source/FE_FourfoldModelPack.blend,Assets/Art/Production/P2/Models/FE_PROP_R03_ColdWhiteLamp_01.fbx,Assets/Prefabs/Production/P2/FE_PROP_R03_ColdWhiteLamp_01.prefab,1.5,bottom center,2500,1250,416,2,shared 1024 atlas pending,no,no,box_set_dressing,no,repository-authored,none,tools/Blender/generate_fourfold_model_pack.py; artifacts/Reports/fourfold-model-pack.json; artifacts/Reports/visual-benchmark.md,generated_first_pass,Cold safe read. Art axis: Folded Reliquary Miniatures; shape_family=folded_reliquary.light_anchor; anchors=top_down_silhouette; material atlas optimization pending. External benchmarks are aggregate metrics only.
art.prop.r03_smooth_obelisk,PROP R03 SmoothObelisk 01,Prop,region marker,Region_03_AshenKeep,P2,medium,REPOSITORY_AUTHORED_PROCEDURAL,generated,first_pass,partial,Assets/Art/Production/Source/FE_FourfoldModelPack.blend,Assets/Art/Production/P2/Models/FE_PROP_R03_SmoothObelisk_01.fbx,Assets/Prefabs/Production/P2/FE_PROP_R03_SmoothObelisk_01.prefab,1.6,bottom center,2500,1250,416,2,shared 1024 atlas pending,no,no,box_set_dressing,no,repository-authored,none,tools/Blender/generate_fourfold_model_pack.py; artifacts/Reports/fourfold-model-pack.json; artifacts/Reports/visual-benchmark.md,generated_first_pass,Smooth late-region marker. Art axis: Folded Reliquary Miniatures; shape_family=folded_reliquary.obelisk; anchors=top_down_silhouette; material atlas optimization pending. External benchmarks are aggregate metrics only.
art.prop.r03_violet_marker,PROP R03 VioletMarker 01,Prop,route marker,Region_03_AshenKeep,P2,high,REPOSITORY_AUTHORED_PROCEDURAL,generated,first_pass,yes,Assets/Art/Production/Source/FE_FourfoldModelPack.blend,Assets/Art/Production/P2/Models/FE_PROP_R03_VioletMarker_01.fbx,Assets/Prefabs/Production/P2/FE_PROP_R03_VioletMarker_01.prefab,1.0,bottom center,1800,900,300,2,shared 1024 atlas pending,no,yes,box_interactable,no,repository-authored,none,tools/Blender/generate_fourfold_model_pack.py; artifacts/Reports/fourfold-model-pack.json; artifacts/Reports/visual-benchmark.md,generated_first_pass,Violet response marker. Art axis: Folded Reliquary Miniatures; shape_family=folded_reliquary.tool_receiver; anchors=tool_receiver|active_state; material atlas optimization pending. External benchmarks are aggregate metrics only.
art.prop.r03_route_edge,PROP R03 RouteEdge 01,Prop,route edge,Region_03_AshenKeep,P2,medium,REPOSITORY_AUTHORED_PROCEDURAL,generated,first_pass,partial,Assets/Art/Production/Source/FE_FourfoldModelPack.blend,Assets/Art/Production/P2/Models/FE_PROP_R03_RouteEdge_01.fbx,Assets/Prefabs/Production/P2/FE_PROP_R03_RouteEdge_01.prefab,module,bottom center,1600,800,266,1,shared 1024 atlas pending,no,no,box_boundary,yes,repository-authored,none,tools/Blender/generate_fourfold_model_pack.py; artifacts/Reports/fourfold-model-pack.json; artifacts/Reports/visual-benchmark.md,generated_first_pass,Cold region route edge. Art axis: Folded Reliquary Miniatures; shape_family=folded_reliquary.route_edge; anchors=low_boundary|route_read; material atlas optimization pending. External benchmarks are aggregate metrics only.
art.prop.r03_tool_lens,PROP R03 ToolLens 01,Prop,tool reaction object,Region_03_AshenKeep,P2,high,REPOSITORY_AUTHORED_PROCEDURAL,generated,first_pass,yes,Assets/Art/Production/Source/FE_FourfoldModelPack.blend,Assets/Art/Production/P2/Models/FE_PROP_R03_ToolLens_01.fbx,Assets/Prefabs/Production/P2/FE_PROP_R03_ToolLens_01.prefab,1.2,bottom center,2500,1250,416,2,shared 1024 atlas pending,no,yes,box_interactable,no,repository-authored,none,tools/Blender/generate_fourfold_model_pack.py; artifacts/Reports/fourfold-model-pack.json; artifacts/Reports/visual-benchmark.md,generated_first_pass,Same tool receiver with late-region silhouette. Art axis: Folded Reliquary Miniatures; shape_family=folded_reliquary.tool_receiver; anchors=tool_receiver|active_state; material atlas optimization pending. External benchmarks are aggregate metrics only.
art.prop.r03_shatter_rock,PROP R03 ShatterRock 01,Prop,region accent,Region_03_AshenKeep,P2,medium,REPOSITORY_AUTHORED_PROCEDURAL,generated,first_pass,partial,Assets/Art/Production/Source/FE_FourfoldModelPack.blend,Assets/Art/Production/P2/Models/FE_PROP_R03_ShatterRock_01.fbx,Assets/Prefabs/Production/P2/FE_PROP_R03_ShatterRock_01.prefab,module,bottom center,2200,1100,366,2,shared 1024 atlas pending,no,no,box_set_dressing,no,repository-authored,none,tools/Blender/generate_fourfold_model_pack.py; artifacts/Reports/fourfold-model-pack.json; artifacts/Reports/visual-benchmark.md,generated_first_pass,Large broken stones. Art axis: Folded Reliquary Miniatures; shape_family=folded_reliquary.rubble; anchors=top_down_silhouette; material atlas optimization pending. External benchmarks are aggregate metrics only.
art.prop.r03_bridge_post,PROP R03 BridgePost 01,Prop,bridge support,Region_03_AshenKeep,P2,medium,REPOSITORY_AUTHORED_PROCEDURAL,generated,first_pass,partial,Assets/Art/Production/Source/FE_FourfoldModelPack.blend,Assets/Art/Production/P2/Models/FE_PROP_R03_BridgePost_01.fbx,Assets/Prefabs/Production/P2/FE_PROP_R03_BridgePost_01.prefab,1.5,bottom center,2600,1300,433,2,shared 1024 atlas pending,no,no,box_set_dressing,no,repository-authored,none,tools/Blender/generate_fourfold_model_pack.py; artifacts/Reports/fourfold-model-pack.json; artifacts/Reports/visual-benchmark.md,generated_first_pass,Readable bridge support. Art axis: Folded Reliquary Miniatures; shape_family=folded_reliquary.moss_pillar; anchors=top_down_silhouette; material atlas optimization pending. External benchmarks are aggregate metrics only.
art.env.boss_arena_floor,ENV BOSS ArenaFloor 01,Environment,boss arena floor,Boss_04_Final,P1,medium,REPOSITORY_AUTHORED_PROCEDURAL,generated,first_pass,yes,Assets/Art/Production/Source/FE_FourfoldModelPack.blend,Assets/Art/Production/P1/Models/FE_ENV_BOSS_ArenaFloor_01.fbx,Assets/Prefabs/Production/P1/FE_ENV_BOSS_ArenaFloor_01.prefab,module,bottom center,4000,2000,666,2,shared 1024 atlas pending,no,no,box_floor_thin,yes,repository-authored,none,tools/Blender/generate_fourfold_model_pack.py; artifacts/Reports/fourfold-model-pack.json; artifacts/Reports/visual-benchmark.md,generated_first_pass,Readable contained fight floor. Art axis: Folded Reliquary Miniatures; shape_family=folded_reliquary.folded_floor; anchors=navigation_surface|fold_inlay; material atlas optimization pending. External benchmarks are aggregate metrics only.
art.prop.boss_boundary,PROP BOSS Boundary 01,Prop,boss arena boundary,Boss_04_Final,P1,medium,REPOSITORY_AUTHORED_PROCEDURAL,generated,first_pass,yes,Assets/Art/Production/Source/FE_FourfoldModelPack.blend,Assets/Art/Production/P1/Models/FE_PROP_BOSS_Boundary_01.fbx,Assets/Prefabs/Production/P1/FE_PROP_BOSS_Boundary_01.prefab,module,bottom center,3000,1500,500,2,shared 1024 atlas pending,no,no,box_boundary,yes,repository-authored,none,tools/Blender/generate_fourfold_model_pack.py; artifacts/Reports/fourfold-model-pack.json; artifacts/Reports/visual-benchmark.md,generated_first_pass,Boundary stays low and clear. Art axis: Folded Reliquary Miniatures; shape_family=folded_reliquary.low_folded_boundary; anchors=low_boundary|route_read; material atlas optimization pending. External benchmarks are aggregate metrics only.
art.prop.boss_spawn_anchor,PROP BOSS SpawnAnchor 01,Prop,boss spawn marker,Boss_04_Final,P1,high,REPOSITORY_AUTHORED_PROCEDURAL,generated,first_pass,partial,Assets/Art/Production/Source/FE_FourfoldModelPack.blend,Assets/Art/Production/P1/Models/FE_PROP_BOSS_SpawnAnchor_01.fbx,Assets/Prefabs/Production/P1/FE_PROP_BOSS_SpawnAnchor_01.prefab,1.2,bottom center,2500,1250,416,2,shared 1024 atlas pending,no,yes,box_interactable,no,repository-authored,none,tools/Blender/generate_fourfold_model_pack.py; artifacts/Reports/fourfold-model-pack.json; artifacts/Reports/visual-benchmark.md,generated_first_pass,Spawn/read point for boss entrance. Art axis: Folded Reliquary Miniatures; shape_family=folded_reliquary.boss_spawn_anchor; anchors=tool_receiver|active_state; material atlas optimization pending. External benchmarks are aggregate metrics only.
art.prop.boss_danger_decal,PROP BOSS DangerDecal 01,Prop,danger surface,Boss_04_Final,P1,detail,REPOSITORY_AUTHORED_PROCEDURAL,generated,first_pass,partial,Assets/Art/Production/Source/FE_FourfoldModelPack.blend,Assets/Art/Production/P1/Models/FE_PROP_BOSS_DangerDecal_01.fbx,Assets/Prefabs/Production/P1/FE_PROP_BOSS_DangerDecal_01.prefab,module,bottom center,1200,600,200,1,shared 512 atlas pending,no,no,no_collider_visual_detail,no,repository-authored,none,tools/Blender/generate_fourfold_model_pack.py; artifacts/Reports/fourfold-model-pack.json; artifacts/Reports/visual-benchmark.md,generated_first_pass,Clear danger shape on ground. Art axis: Folded Reliquary Miniatures; shape_family=folded_reliquary.boss_danger_decal; anchors=ground_contrast; material atlas optimization pending. External benchmarks are aggregate metrics only.
art.prop.boss_reward_exit,PROP BOSS RewardExit 01,Prop,post-boss exit,Boss_04_Final,P1,high,REPOSITORY_AUTHORED_PROCEDURAL,generated,first_pass,partial,Assets/Art/Production/Source/FE_FourfoldModelPack.blend,Assets/Art/Production/P1/Models/FE_PROP_BOSS_RewardExit_01.fbx,Assets/Prefabs/Production/P1/FE_PROP_BOSS_RewardExit_01.prefab,2.0,bottom center,3000,1500,500,2,shared 1024 atlas pending,no,yes,box_interactable,no,repository-authored,none,tools/Blender/generate_fourfold_model_pack.py; artifacts/Reports/fourfold-model-pack.json; artifacts/Reports/visual-benchmark.md,generated_first_pass,Reward exit reads after boss defeat. Art axis: Folded Reliquary Miniatures; shape_family=folded_reliquary.boss_reward_exit; anchors=tool_receiver|active_state; material atlas optimization pending. External benchmarks are aggregate metrics only.
art.detail.hub_quarter_inlay,PROP HUB QuarterInlay 01,Prop,hub floor detail,Hub_Crossroads,P1,detail,REPOSITORY_AUTHORED_PROCEDURAL,generated,first_pass,partial,Assets/Art/Production/Source/FE_FourfoldModelPack.blend,Assets/Art/Production/P1/Models/FE_PROP_HUB_QuarterInlay_01.fbx,Assets/Prefabs/Production/P1/FE_PROP_HUB_QuarterInlay_01.prefab,module,bottom center,800,400,133,2,shared 512 atlas pending,no,no,no_collider_visual_detail,no,repository-authored,none,tools/Blender/generate_fourfold_model_pack.py; artifacts/Reports/fourfold-model-pack.json; artifacts/Reports/visual-benchmark.md,generated_first_pass,Small four-part floor mark raises hub edge density without text. Art axis: Folded Reliquary Miniatures; shape_family=folded_reliquary.detail_quarter_inlay; anchors=fold_detail; material atlas optimization pending. External benchmarks are aggregate metrics only.
art.detail.hub_pebble_line,PROP HUB PebbleLine 01,Prop,hub path detail,Hub_Crossroads,P1,detail,REPOSITORY_AUTHORED_PROCEDURAL,generated,first_pass,partial,Assets/Art/Production/Source/FE_FourfoldModelPack.blend,Assets/Art/Production/P1/Models/FE_PROP_HUB_PebbleLine_01.fbx,Assets/Prefabs/Production/P1/FE_PROP_HUB_PebbleLine_01.prefab,module,bottom center,900,450,150,2,shared 512 atlas pending,no,no,no_collider_visual_detail,no,repository-authored,none,tools/Blender/generate_fourfold_model_pack.py; artifacts/Reports/fourfold-model-pack.json; artifacts/Reports/visual-benchmark.md,generated_first_pass,Chunky pebble line gives route texture. Art axis: Folded Reliquary Miniatures; shape_family=folded_reliquary.detail_pebble_line; anchors=fold_detail; within material budget. External benchmarks are aggregate metrics only.
art.detail.hub_blue_chip,PROP HUB BlueChip 01,Prop,hub color accent,Hub_Crossroads,P1,detail,REPOSITORY_AUTHORED_PROCEDURAL,generated,first_pass,partial,Assets/Art/Production/Source/FE_FourfoldModelPack.blend,Assets/Art/Production/P1/Models/FE_PROP_HUB_BlueChip_01.fbx,Assets/Prefabs/Production/P1/FE_PROP_HUB_BlueChip_01.prefab,module,bottom center,700,350,116,2,shared 512 atlas pending,no,no,no_collider_visual_detail,no,repository-authored,none,tools/Blender/generate_fourfold_model_pack.py; artifacts/Reports/fourfold-model-pack.json; artifacts/Reports/visual-benchmark.md,generated_first_pass,Small cool accent helps hub palette separation. Art axis: Folded Reliquary Miniatures; shape_family=folded_reliquary.detail_color_chip; anchors=fold_detail; within material budget. External benchmarks are aggregate metrics only.
art.detail.hub_split_curb,PROP HUB SplitCurb 01,Prop,hub boundary detail,Hub_Crossroads,P1,detail,REPOSITORY_AUTHORED_PROCEDURAL,generated,first_pass,partial,Assets/Art/Production/Source/FE_FourfoldModelPack.blend,Assets/Art/Production/P1/Models/FE_PROP_HUB_SplitCurb_01.fbx,Assets/Prefabs/Production/P1/FE_PROP_HUB_SplitCurb_01.prefab,module,bottom center,1000,500,166,2,shared 512 atlas pending,no,no,no_collider_visual_detail,no,repository-authored,none,tools/Blender/generate_fourfold_model_pack.py; artifacts/Reports/fourfold-model-pack.json; artifacts/Reports/visual-benchmark.md,generated_first_pass,Low split curb adds readable boundary detail. Art axis: Folded Reliquary Miniatures; shape_family=folded_reliquary.detail_split_curb; anchors=fold_detail; material atlas optimization pending. External benchmarks are aggregate metrics only.
art.detail.hub_thread_lamp,PROP HUB ThreadLamp 01,Prop,hub light detail,Hub_Crossroads,P1,detail,REPOSITORY_AUTHORED_PROCEDURAL,generated,first_pass,partial,Assets/Art/Production/Source/FE_FourfoldModelPack.blend,Assets/Art/Production/P1/Models/FE_PROP_HUB_ThreadLamp_01.fbx,Assets/Prefabs/Production/P1/FE_PROP_HUB_ThreadLamp_01.prefab,1.0,bottom center,1200,600,200,2,shared 512 atlas pending,no,no,no_collider_visual_detail,no,repository-authored,none,tools/Blender/generate_fourfold_model_pack.py; artifacts/Reports/fourfold-model-pack.json; artifacts/Reports/visual-benchmark.md,generated_first_pass,Small lamp supports warm/cool contrast. Art axis: Folded Reliquary Miniatures; shape_family=folded_reliquary.detail_thread_lamp; anchors=fold_detail; material atlas optimization pending. External benchmarks are aggregate metrics only.
art.detail.hub_step_chips,PROP HUB StepChips 01,Prop,hub step detail,Hub_Crossroads,P1,detail,REPOSITORY_AUTHORED_PROCEDURAL,generated,first_pass,partial,Assets/Art/Production/Source/FE_FourfoldModelPack.blend,Assets/Art/Production/P1/Models/FE_PROP_HUB_StepChips_01.fbx,Assets/Prefabs/Production/P1/FE_PROP_HUB_StepChips_01.prefab,module,bottom center,900,450,150,2,shared 512 atlas pending,no,no,no_collider_visual_detail,no,repository-authored,none,tools/Blender/generate_fourfold_model_pack.py; artifacts/Reports/fourfold-model-pack.json; artifacts/Reports/visual-benchmark.md,generated_first_pass,Tiny stair chips avoid flat surfaces. Art axis: Folded Reliquary Miniatures; shape_family=folded_reliquary.detail_step_chips; anchors=fold_detail; within material budget. External benchmarks are aggregate metrics only.
art.detail.r01_root_knot,PROP R01 RootKnot 01,Prop,region micro landmark,Region_01_GreenRuins,P1,detail,REPOSITORY_AUTHORED_PROCEDURAL,generated,first_pass,partial,Assets/Art/Production/Source/FE_FourfoldModelPack.blend,Assets/Art/Production/P1/Models/FE_PROP_R01_RootKnot_01.fbx,Assets/Prefabs/Production/P1/FE_PROP_R01_RootKnot_01.prefab,module,bottom center,1000,500,166,2,shared 512 atlas pending,no,no,no_collider_visual_detail,no,repository-authored,none,tools/Blender/generate_fourfold_model_pack.py; artifacts/Reports/fourfold-model-pack.json; artifacts/Reports/visual-benchmark.md,generated_first_pass,Root knot adds organic silhouette without blocking actors. Art axis: Folded Reliquary Miniatures; shape_family=folded_reliquary.detail_root_knot; anchors=fold_detail; within material budget. External benchmarks are aggregate metrics only.
art.detail.r01_leaf_sprig,PROP R01 LeafSprig 01,Prop,region vegetation detail,Region_01_GreenRuins,P1,detail,REPOSITORY_AUTHORED_PROCEDURAL,generated,first_pass,partial,Assets/Art/Production/Source/FE_FourfoldModelPack.blend,Assets/Art/Production/P1/Models/FE_PROP_R01_LeafSprig_01.fbx,Assets/Prefabs/Production/P1/FE_PROP_R01_LeafSprig_01.prefab,module,bottom center,1000,500,166,2,shared 512 atlas pending,no,no,no_collider_visual_detail,no,repository-authored,none,tools/Blender/generate_fourfold_model_pack.py; artifacts/Reports/fourfold-model-pack.json; artifacts/Reports/visual-benchmark.md,generated_first_pass,Readable leaf cluster raises saturation and edge density. Art axis: Folded Reliquary Miniatures; shape_family=folded_reliquary.detail_leaf_sprig; anchors=fold_detail; within material budget. External benchmarks are aggregate metrics only.
art.detail.r01_petal_patch,PROP R01 PetalPatch 01,Prop,region color accent,Region_01_GreenRuins,P1,detail,REPOSITORY_AUTHORED_PROCEDURAL,generated,first_pass,partial,Assets/Art/Production/Source/FE_FourfoldModelPack.blend,Assets/Art/Production/P1/Models/FE_PROP_R01_PetalPatch_01.fbx,Assets/Prefabs/Production/P1/FE_PROP_R01_PetalPatch_01.prefab,module,bottom center,900,450,150,2,shared 512 atlas pending,no,no,no_collider_visual_detail,no,repository-authored,none,tools/Blender/generate_fourfold_model_pack.py; artifacts/Reports/fourfold-model-pack.json; artifacts/Reports/visual-benchmark.md,generated_first_pass,Yellow low flowers add small color beats. Art axis: Folded Reliquary Miniatures; shape_family=folded_reliquary.detail_petal_patch; anchors=fold_detail; within material budget. External benchmarks are aggregate metrics only.
art.detail.r01_crack_inlay,PROP R01 CrackInlay 01,Prop,floor contrast detail,Region_01_GreenRuins,P1,detail,REPOSITORY_AUTHORED_PROCEDURAL,generated,first_pass,partial,Assets/Art/Production/Source/FE_FourfoldModelPack.blend,Assets/Art/Production/P1/Models/FE_PROP_R01_CrackInlay_01.fbx,Assets/Prefabs/Production/P1/FE_PROP_R01_CrackInlay_01.prefab,module,bottom center,900,450,150,2,shared 512 atlas pending,no,no,no_collider_visual_detail,no,repository-authored,none,tools/Blender/generate_fourfold_model_pack.py; artifacts/Reports/fourfold-model-pack.json; artifacts/Reports/visual-benchmark.md,generated_first_pass,Dark crack mark raises floor contrast. Art axis: Folded Reliquary Miniatures; shape_family=folded_reliquary.detail_crack_inlay; anchors=fold_detail; within material budget. External benchmarks are aggregate metrics only.
art.detail.r01_moss_curb,PROP R01 MossCurb 01,Prop,route edge detail,Region_01_GreenRuins,P1,detail,REPOSITORY_AUTHORED_PROCEDURAL,generated,first_pass,partial,Assets/Art/Production/Source/FE_FourfoldModelPack.blend,Assets/Art/Production/P1/Models/FE_PROP_R01_MossCurb_01.fbx,Assets/Prefabs/Production/P1/FE_PROP_R01_MossCurb_01.prefab,module,bottom center,1000,500,166,2,shared 512 atlas pending,no,no,no_collider_visual_detail,no,repository-authored,none,tools/Blender/generate_fourfold_model_pack.py; artifacts/Reports/fourfold-model-pack.json; artifacts/Reports/visual-benchmark.md,generated_first_pass,Moss curb adds route read and texture. Art axis: Folded Reliquary Miniatures; shape_family=folded_reliquary.detail_moss_curb; anchors=fold_detail; within material budget. External benchmarks are aggregate metrics only.
art.detail.r01_half_tile,PROP R01 HalfBuriedTile 01,Prop,ruin scatter detail,Region_01_GreenRuins,P1,detail,REPOSITORY_AUTHORED_PROCEDURAL,generated,first_pass,partial,Assets/Art/Production/Source/FE_FourfoldModelPack.blend,Assets/Art/Production/P1/Models/FE_PROP_R01_HalfBuriedTile_01.fbx,Assets/Prefabs/Production/P1/FE_PROP_R01_HalfBuriedTile_01.prefab,module,bottom center,1000,500,166,2,shared 512 atlas pending,no,no,no_collider_visual_detail,no,repository-authored,none,tools/Blender/generate_fourfold_model_pack.py; artifacts/Reports/fourfold-model-pack.json; artifacts/Reports/visual-benchmark.md,generated_first_pass,Half-buried tile breaks the floor grid. Art axis: Folded Reliquary Miniatures; shape_family=folded_reliquary.detail_half_tile; anchors=fold_detail; material atlas optimization pending. External benchmarks are aggregate metrics only.
art.detail.r01_sap_bud,PROP R01 SapGlowBud 01,Prop,tool-adjacent color accent,Region_01_GreenRuins,P1,detail,REPOSITORY_AUTHORED_PROCEDURAL,generated,first_pass,partial,Assets/Art/Production/Source/FE_FourfoldModelPack.blend,Assets/Art/Production/P1/Models/FE_PROP_R01_SapGlowBud_01.fbx,Assets/Prefabs/Production/P1/FE_PROP_R01_SapGlowBud_01.prefab,0.5,bottom center,1000,500,166,2,shared 512 atlas pending,no,no,no_collider_visual_detail,no,repository-authored,none,tools/Blender/generate_fourfold_model_pack.py; artifacts/Reports/fourfold-model-pack.json; artifacts/Reports/visual-benchmark.md,generated_first_pass,Small glow bud supports one-tool color language. Art axis: Folded Reliquary Miniatures; shape_family=folded_reliquary.detail_glow_bud; anchors=fold_detail; material atlas optimization pending. External benchmarks are aggregate metrics only.
art.detail.r01_fold_marker,PROP R01 FoldedStoneMarker 01,Prop,route micro landmark,Region_01_GreenRuins,P1,detail,REPOSITORY_AUTHORED_PROCEDURAL,generated,first_pass,partial,Assets/Art/Production/Source/FE_FourfoldModelPack.blend,Assets/Art/Production/P1/Models/FE_PROP_R01_FoldedStoneMarker_01.fbx,Assets/Prefabs/Production/P1/FE_PROP_R01_FoldedStoneMarker_01.prefab,module,bottom center,1000,500,166,2,shared 512 atlas pending,no,no,no_collider_visual_detail,no,repository-authored,none,tools/Blender/generate_fourfold_model_pack.py; artifacts/Reports/fourfold-model-pack.json; artifacts/Reports/visual-benchmark.md,generated_first_pass,Folded marker creates proprietary route language. Art axis: Folded Reliquary Miniatures; shape_family=folded_reliquary.detail_fold_marker; anchors=fold_detail; material atlas optimization pending. External benchmarks are aggregate metrics only.
art.detail.r01_shadow_leaf,PROP R01 ShadowLeafPatch 01,Prop,ground shadow detail,Region_01_GreenRuins,P1,detail,REPOSITORY_AUTHORED_PROCEDURAL,generated,first_pass,partial,Assets/Art/Production/Source/FE_FourfoldModelPack.blend,Assets/Art/Production/P1/Models/FE_PROP_R01_ShadowLeafPatch_01.fbx,Assets/Prefabs/Production/P1/FE_PROP_R01_ShadowLeafPatch_01.prefab,module,bottom center,700,350,116,1,shared 512 atlas pending,no,no,no_collider_visual_detail,no,repository-authored,none,tools/Blender/generate_fourfold_model_pack.py; artifacts/Reports/fourfold-model-pack.json; artifacts/Reports/visual-benchmark.md,generated_first_pass,Dark low patch adds contrast without tall clutter. Art axis: Folded Reliquary Miniatures; shape_family=folded_reliquary.detail_shadow_patch; anchors=ground_contrast; within material budget. External benchmarks are aggregate metrics only.
art.detail.r01_gold_thread,PROP R01 GoldThread 01,Prop,reward route detail,Region_01_GreenRuins,P1,detail,REPOSITORY_AUTHORED_PROCEDURAL,generated,first_pass,partial,Assets/Art/Production/Source/FE_FourfoldModelPack.blend,Assets/Art/Production/P1/Models/FE_PROP_R01_GoldThread_01.fbx,Assets/Prefabs/Production/P1/FE_PROP_R01_GoldThread_01.prefab,module,bottom center,700,350,116,1,shared 512 atlas pending,no,no,no_collider_visual_detail,no,repository-authored,none,tools/Blender/generate_fourfold_model_pack.py; artifacts/Reports/fourfold-model-pack.json; artifacts/Reports/visual-benchmark.md,generated_first_pass,Thin chunky gold line helps screenshot composition. Art axis: Folded Reliquary Miniatures; shape_family=folded_reliquary.detail_thread_line; anchors=fold_detail; within material budget. External benchmarks are aggregate metrics only.
art.detail.r02_rivet_cluster,PROP R02 RivetCluster 01,Prop,industrial detail,Region_02_SunkenWorks,P2,detail,REPOSITORY_AUTHORED_PROCEDURAL,generated,first_pass,partial,Assets/Art/Production/Source/FE_FourfoldModelPack.blend,Assets/Art/Production/P2/Models/FE_PROP_R02_RivetCluster_01.fbx,Assets/Prefabs/Production/P2/FE_PROP_R02_RivetCluster_01.prefab,module,bottom center,1000,500,166,2,shared 512 atlas pending,no,no,no_collider_visual_detail,no,repository-authored,none,tools/Blender/generate_fourfold_model_pack.py; artifacts/Reports/fourfold-model-pack.json; artifacts/Reports/visual-benchmark.md,generated_first_pass,Large rivets add edge density without tiny noise. Art axis: Folded Reliquary Miniatures; shape_family=folded_reliquary.detail_rivet_cluster; anchors=fold_detail; within material budget. External benchmarks are aggregate metrics only.
art.detail.r02_amber_wire,PROP R02 AmberWire 01,Prop,region color detail,Region_02_SunkenWorks,P2,detail,REPOSITORY_AUTHORED_PROCEDURAL,generated,first_pass,partial,Assets/Art/Production/Source/FE_FourfoldModelPack.blend,Assets/Art/Production/P2/Models/FE_PROP_R02_AmberWire_01.fbx,Assets/Prefabs/Production/P2/FE_PROP_R02_AmberWire_01.prefab,module,bottom center,700,350,116,1,shared 512 atlas pending,no,no,no_collider_visual_detail,no,repository-authored,none,tools/Blender/generate_fourfold_model_pack.py; artifacts/Reports/fourfold-model-pack.json; artifacts/Reports/visual-benchmark.md,generated_first_pass,Amber line reinforces region identity. Art axis: Folded Reliquary Miniatures; shape_family=folded_reliquary.detail_thread_line; anchors=fold_detail; within material budget. External benchmarks are aggregate metrics only.
art.detail.r02_charcoal_plate,PROP R02 CharcoalPlate 01,Prop,floor contrast detail,Region_02_SunkenWorks,P2,detail,REPOSITORY_AUTHORED_PROCEDURAL,generated,first_pass,partial,Assets/Art/Production/Source/FE_FourfoldModelPack.blend,Assets/Art/Production/P2/Models/FE_PROP_R02_CharcoalPlate_01.fbx,Assets/Prefabs/Production/P2/FE_PROP_R02_CharcoalPlate_01.prefab,module,bottom center,1000,500,166,2,shared 512 atlas pending,no,no,no_collider_visual_detail,no,repository-authored,none,tools/Blender/generate_fourfold_model_pack.py; artifacts/Reports/fourfold-model-pack.json; artifacts/Reports/visual-benchmark.md,generated_first_pass,Dark plate with rust trim increases contrast. Art axis: Folded Reliquary Miniatures; shape_family=folded_reliquary.detail_half_tile; anchors=fold_detail; material atlas optimization pending. External benchmarks are aggregate metrics only.
art.detail.r02_bent_bracket,PROP R02 BentBracket 01,Prop,industrial silhouette detail,Region_02_SunkenWorks,P2,detail,REPOSITORY_AUTHORED_PROCEDURAL,generated,first_pass,partial,Assets/Art/Production/Source/FE_FourfoldModelPack.blend,Assets/Art/Production/P2/Models/FE_PROP_R02_BentBracket_01.fbx,Assets/Prefabs/Production/P2/FE_PROP_R02_BentBracket_01.prefab,module,bottom center,1000,500,166,2,shared 512 atlas pending,no,no,no_collider_visual_detail,no,repository-authored,none,tools/Blender/generate_fourfold_model_pack.py; artifacts/Reports/fourfold-model-pack.json; artifacts/Reports/visual-benchmark.md,generated_first_pass,Bent bracket gives non-organic shape language. Art axis: Folded Reliquary Miniatures; shape_family=folded_reliquary.detail_fold_marker; anchors=fold_detail; material atlas optimization pending. External benchmarks are aggregate metrics only.
art.detail.r02_heat_pebble,PROP R02 HeatPebble 01,Prop,hazard color detail,Region_02_SunkenWorks,P2,detail,REPOSITORY_AUTHORED_PROCEDURAL,generated,first_pass,partial,Assets/Art/Production/Source/FE_FourfoldModelPack.blend,Assets/Art/Production/P2/Models/FE_PROP_R02_HeatPebble_01.fbx,Assets/Prefabs/Production/P2/FE_PROP_R02_HeatPebble_01.prefab,0.5,bottom center,900,450,150,2,shared 512 atlas pending,no,no,no_collider_visual_detail,no,repository-authored,none,tools/Blender/generate_fourfold_model_pack.py; artifacts/Reports/fourfold-model-pack.json; artifacts/Reports/visual-benchmark.md,generated_first_pass,Small hot accent supports danger routes. Art axis: Folded Reliquary Miniatures; shape_family=folded_reliquary.detail_glow_bud; anchors=fold_detail; material atlas optimization pending. External benchmarks are aggregate metrics only.
art.detail.r02_slag_scatter,PROP R02 SlagScatter 01,Prop,floor scatter detail,Region_02_SunkenWorks,P2,detail,REPOSITORY_AUTHORED_PROCEDURAL,generated,first_pass,partial,Assets/Art/Production/Source/FE_FourfoldModelPack.blend,Assets/Art/Production/P2/Models/FE_PROP_R02_SlagScatter_01.fbx,Assets/Prefabs/Production/P2/FE_PROP_R02_SlagScatter_01.prefab,module,bottom center,900,450,150,2,shared 512 atlas pending,no,no,no_collider_visual_detail,no,repository-authored,none,tools/Blender/generate_fourfold_model_pack.py; artifacts/Reports/fourfold-model-pack.json; artifacts/Reports/visual-benchmark.md,generated_first_pass,Chunky slag scatter avoids empty floors. Art axis: Folded Reliquary Miniatures; shape_family=folded_reliquary.detail_pebble_line; anchors=fold_detail; within material budget. External benchmarks are aggregate metrics only.
art.detail.r03_crystal_chip_line,PROP R03 CrystalChipLine 01,Prop,crystal route detail,Region_03_AshenKeep,P2,detail,REPOSITORY_AUTHORED_PROCEDURAL,generated,first_pass,partial,Assets/Art/Production/Source/FE_FourfoldModelPack.blend,Assets/Art/Production/P2/Models/FE_PROP_R03_CrystalChipLine_01.fbx,Assets/Prefabs/Production/P2/FE_PROP_R03_CrystalChipLine_01.prefab,module,bottom center,900,450,150,2,shared 512 atlas pending,no,no,no_collider_visual_detail,no,repository-authored,none,tools/Blender/generate_fourfold_model_pack.py; artifacts/Reports/fourfold-model-pack.json; artifacts/Reports/visual-benchmark.md,generated_first_pass,Crystal chips add cold edge density. Art axis: Folded Reliquary Miniatures; shape_family=folded_reliquary.detail_pebble_line; anchors=fold_detail; within material budget. External benchmarks are aggregate metrics only.
art.detail.r03_violet_thread,PROP R03 VioletThread 01,Prop,late route color detail,Region_03_AshenKeep,P2,detail,REPOSITORY_AUTHORED_PROCEDURAL,generated,first_pass,partial,Assets/Art/Production/Source/FE_FourfoldModelPack.blend,Assets/Art/Production/P2/Models/FE_PROP_R03_VioletThread_01.fbx,Assets/Prefabs/Production/P2/FE_PROP_R03_VioletThread_01.prefab,module,bottom center,700,350,116,1,shared 512 atlas pending,no,no,no_collider_visual_detail,no,repository-authored,none,tools/Blender/generate_fourfold_model_pack.py; artifacts/Reports/fourfold-model-pack.json; artifacts/Reports/visual-benchmark.md,generated_first_pass,Violet line supports late-region identity. Art axis: Folded Reliquary Miniatures; shape_family=folded_reliquary.detail_thread_line; anchors=fold_detail; within material budget. External benchmarks are aggregate metrics only.
art.detail.r03_dark_inlay,PROP R03 DarkInlay 01,Prop,floor contrast detail,Region_03_AshenKeep,P2,detail,REPOSITORY_AUTHORED_PROCEDURAL,generated,first_pass,partial,Assets/Art/Production/Source/FE_FourfoldModelPack.blend,Assets/Art/Production/P2/Models/FE_PROP_R03_DarkInlay_01.fbx,Assets/Prefabs/Production/P2/FE_PROP_R03_DarkInlay_01.prefab,module,bottom center,800,400,133,2,shared 512 atlas pending,no,no,no_collider_visual_detail,no,repository-authored,none,tools/Blender/generate_fourfold_model_pack.py; artifacts/Reports/fourfold-model-pack.json; artifacts/Reports/visual-benchmark.md,generated_first_pass,Dark/cold floor mark raises composition contrast. Art axis: Folded Reliquary Miniatures; shape_family=folded_reliquary.detail_quarter_inlay; anchors=fold_detail; material atlas optimization pending. External benchmarks are aggregate metrics only.
art.detail.r03_shard_sprig,PROP R03 ShardSprig 01,Prop,crystal vegetation analog,Region_03_AshenKeep,P2,detail,REPOSITORY_AUTHORED_PROCEDURAL,generated,first_pass,partial,Assets/Art/Production/Source/FE_FourfoldModelPack.blend,Assets/Art/Production/P2/Models/FE_PROP_R03_ShardSprig_01.fbx,Assets/Prefabs/Production/P2/FE_PROP_R03_ShardSprig_01.prefab,module,bottom center,1000,500,166,2,shared 512 atlas pending,no,no,no_collider_visual_detail,no,repository-authored,none,tools/Blender/generate_fourfold_model_pack.py; artifacts/Reports/fourfold-model-pack.json; artifacts/Reports/visual-benchmark.md,generated_first_pass,Shard cluster adds unique late-region silhouette. Art axis: Folded Reliquary Miniatures; shape_family=folded_reliquary.detail_leaf_sprig; anchors=fold_detail; within material budget. External benchmarks are aggregate metrics only.
art.detail.r03_cold_spark,PROP R03 ColdSpark 01,Prop,cool glow detail,Region_03_AshenKeep,P2,detail,REPOSITORY_AUTHORED_PROCEDURAL,generated,first_pass,partial,Assets/Art/Production/Source/FE_FourfoldModelPack.blend,Assets/Art/Production/P2/Models/FE_PROP_R03_ColdSpark_01.fbx,Assets/Prefabs/Production/P2/FE_PROP_R03_ColdSpark_01.prefab,0.5,bottom center,900,450,150,2,shared 512 atlas pending,no,no,no_collider_visual_detail,no,repository-authored,none,tools/Blender/generate_fourfold_model_pack.py; artifacts/Reports/fourfold-model-pack.json; artifacts/Reports/visual-benchmark.md,generated_first_pass,Small cool glow supports readable late routes. Art axis: Folded Reliquary Miniatures; shape_family=folded_reliquary.detail_glow_bud; anchors=fold_detail; material atlas optimization pending. External benchmarks are aggregate metrics only.
art.detail.r03_bridge_chip,PROP R03 BridgeChip 01,Prop,bridge detail,Region_03_AshenKeep,P2,detail,REPOSITORY_AUTHORED_PROCEDURAL,generated,first_pass,partial,Assets/Art/Production/Source/FE_FourfoldModelPack.blend,Assets/Art/Production/P2/Models/FE_PROP_R03_BridgeChip_01.fbx,Assets/Prefabs/Production/P2/FE_PROP_R03_BridgeChip_01.prefab,module,bottom center,1000,500,166,2,shared 512 atlas pending,no,no,no_collider_visual_detail,no,repository-authored,none,tools/Blender/generate_fourfold_model_pack.py; artifacts/Reports/fourfold-model-pack.json; artifacts/Reports/visual-benchmark.md,generated_first_pass,Small chipped plates make bridges less flat. Art axis: Folded Reliquary Miniatures; shape_family=folded_reliquary.detail_half_tile; anchors=fold_detail; material atlas optimization pending. External benchmarks are aggregate metrics only.
art.detail.boss_crack_bloom,PROP BOSS CrackBloom 01,Prop,boss arena contrast detail,Boss_04_Final,P1,detail,REPOSITORY_AUTHORED_PROCEDURAL,generated,first_pass,partial,Assets/Art/Production/Source/FE_FourfoldModelPack.blend,Assets/Art/Production/P1/Models/FE_PROP_BOSS_CrackBloom_01.fbx,Assets/Prefabs/Production/P1/FE_PROP_BOSS_CrackBloom_01.prefab,module,bottom center,900,450,150,2,shared 512 atlas pending,no,no,no_collider_visual_detail,no,repository-authored,none,tools/Blender/generate_fourfold_model_pack.py; artifacts/Reports/fourfold-model-pack.json; artifacts/Reports/visual-benchmark.md,generated_first_pass,Arena cracks raise danger surface readability. Art axis: Folded Reliquary Miniatures; shape_family=folded_reliquary.detail_crack_inlay; anchors=fold_detail; within material budget. External benchmarks are aggregate metrics only.
art.detail.boss_red_thread,PROP BOSS RedThread 01,Prop,boss danger line,Boss_04_Final,P1,detail,REPOSITORY_AUTHORED_PROCEDURAL,generated,first_pass,partial,Assets/Art/Production/Source/FE_FourfoldModelPack.blend,Assets/Art/Production/P1/Models/FE_PROP_BOSS_RedThread_01.fbx,Assets/Prefabs/Production/P1/FE_PROP_BOSS_RedThread_01.prefab,module,bottom center,700,350,116,1,shared 512 atlas pending,no,no,no_collider_visual_detail,no,repository-authored,none,tools/Blender/generate_fourfold_model_pack.py; artifacts/Reports/fourfold-model-pack.json; artifacts/Reports/visual-benchmark.md,generated_first_pass,Low red line gives attack-read composition. Art axis: Folded Reliquary Miniatures; shape_family=folded_reliquary.detail_thread_line; anchors=fold_detail; within material budget. External benchmarks are aggregate metrics only.
art.detail.boss_black_chip,PROP BOSS BlackChip 01,Prop,boss floor detail,Boss_04_Final,P1,detail,REPOSITORY_AUTHORED_PROCEDURAL,generated,first_pass,partial,Assets/Art/Production/Source/FE_FourfoldModelPack.blend,Assets/Art/Production/P1/Models/FE_PROP_BOSS_BlackChip_01.fbx,Assets/Prefabs/Production/P1/FE_PROP_BOSS_BlackChip_01.prefab,module,bottom center,700,350,116,2,shared 512 atlas pending,no,no,no_collider_visual_detail,no,repository-authored,none,tools/Blender/generate_fourfold_model_pack.py; artifacts/Reports/fourfold-model-pack.json; artifacts/Reports/visual-benchmark.md,generated_first_pass,Dark chip supports arena contrast. Art axis: Folded Reliquary Miniatures; shape_family=folded_reliquary.detail_color_chip; anchors=fold_detail; within material budget. External benchmarks are aggregate metrics only.
art.detail.common_soft_shadow,PROP COMMON SoftShadowPatch 01,Prop,grounding detail,vertical slice,P1,detail,REPOSITORY_AUTHORED_PROCEDURAL,generated,first_pass,partial,Assets/Art/Production/Source/FE_FourfoldModelPack.blend,Assets/Art/Production/P1/Models/FE_PROP_COMMON_SoftShadowPatch_01.fbx,Assets/Prefabs/Production/P1/FE_PROP_COMMON_SoftShadowPatch_01.prefab,module,bottom center,700,350,116,1,shared 512 atlas pending,no,no,no_collider_visual_detail,no,repository-authored,none,tools/Blender/generate_fourfold_model_pack.py; artifacts/Reports/fourfold-model-pack.json; artifacts/Reports/visual-benchmark.md,generated_first_pass,Low dark patch grounds key objects in screenshots. Art axis: Folded Reliquary Miniatures; shape_family=folded_reliquary.detail_shadow_patch; anchors=ground_contrast; within material budget. External benchmarks are aggregate metrics only.
